PLAYER_ID,PLAYER_NAME,TEAM_ABBREVIATION,AGE,GP,W,L,W_PCT,MIN,FGM,FGA,FG_PCT,FG3M,FG3A,FG3_PCT,FTM,FTA,FT_PCT,OREB,DREB,REB,AST,TOV,STL,BLK,BLKA,PF,PFD,PTS,PLUS_MINUS,ALL_STAR
203932,Aaron Gordon,DEN,25.0,50,29,21,0.58,27.7,4.6,10.0,0.463,1.2,3.5,0.335,1.9,3.0,0.651,1.5,4.1,5.7,3.2,1.9,0.7,0.7,0.6,1.8,2.7,12.4,1.2,0
1628988,Aaron Holiday,IND,24.0,66,30,36,0.455,17.8,2.6,6.6,0.39,1.0,2.8,0.368,1.0,1.3,0.819,0.2,1.1,1.3,1.9,1.0,0.7,0.2,0.5,1.4,1.1,7.2,0.0,0
1630174,Aaron Nesmith,BOS,21.0,46,22,24,0.478,14.5,1.7,3.9,0.438,0.9,2.3,0.37,0.5,0.6,0.786,0.6,2.2,2.8,0.5,0.5,0.3,0.2,0.3,1.9,0.6,4.7,-0.2,0
1627846,Abdel Nader,PHX,27.0,24,16,8,0.667,14.8,2.4,4.8,0.491,0.8,1.8,0.419,1.2,1.5,0.757,0.3,2.3,2.6,0.8,0.8,0.4,0.4,0.3,1.4,1.5,6.7,1.2,0
1629690,Adam Mokoka,CHI,22.0,14,3,11,0.214,4.0,0.5,1.4,0.368,0.1,0.7,0.1,0.0,0.1,0.0,0.1,0.3,0.4,0.4,0.4,0.1,0.1,0.1,0.4,0.1,1.1,-0.6,0
201143,Al Horford,BOS,35.0,28,11,17,0.393,27.9,5.8,12.9,0.45,2.0,5.4,0.368,0.6,0.8,0.818,1.0,5.7,6.7,3.4,1.0,0.9,0.9,0.4,1.7,1.2,14.2,-3.6,0
202329,Al-Farouq Aminu,CHI,30.0,23,5,18,0.217,18.9,1.7,4.3,0.384,0.3,1.6,0.216,0.8,1.0,0.818,1.0,3.8,4.8,1.3,1.2,0.8,0.4,0.2,1.3,1.1,4.4,-2.3,0
202692,Alec Burks,NYK,29.0,49,27,22,0.551,25.6,4.3,10.2,0.42,2.1,5.0,0.415,2.1,2.4,0.856,0.4,4.2,4.6,2.2,1.0,0.6,0.3,0.6,2.1,1.9,12.7,2.6,0
1630197,Aleksej Pokusevski,OKC,19.0,45,13,32,0.289,24.2,3.1,9.1,0.341,1.3,4.6,0.28,0.7,0.9,0.738,0.7,4.0,4.7,2.2,2.2,0.4,0.9,0.2,1.3,0.8,8.2,-8.7,0
1629346,Alen Smailagic,GSW,20.0,15,10,5,0.667,5.6,0.7,1.8,0.407,0.3,0.7,0.4,0.1,0.4,0.333,0.4,0.7,1.1,0.3,0.3,0.2,0.3,0.1,0.7,0.3,1.9,-2.1,0
1627936,Alex Caruso,LAL,27.0,58,32,26,0.552,21.0,2.3,5.3,0.436,0.9,2.4,0.401,0.8,1.3,0.645,0.5,2.4,2.9,2.8,1.3,1.1,0.3,0.4,1.9,1.8,6.4,2.1,0
203458,Alex Len,WAS,28.0,64,30,34,0.469,15.3,2.7,4.3,0.615,0.1,0.4,0.32,1.1,1.8,0.629,1.2,2.8,4.1,0.8,0.9,0.3,1.0,0.3,2.0,1.2,6.6,-1.5,0
1628035,Alfonzo McKinnie,LAL,28.0,39,22,17,0.564,6.6,1.2,2.4,0.516,0.4,1.0,0.41,0.3,0.5,0.556,0.6,0.8,1.4,0.2,0.1,0.2,0.0,0.2,0.7,0.4,3.1,0.2,0
1628993,Alize Johnson,BKN,25.0,18,10,8,0.556,10.5,2.2,3.8,0.588,0.1,0.3,0.167,0.7,0.7,1.0,1.5,3.5,5.0,0.8,0.5,0.3,0.3,0.4,0.9,0.7,5.2,-1.0,0
1628578,Amida Brimah,IND,27.0,5,2,3,0.4,5.9,1.0,1.6,0.625,0.0,0.0,0.0,0.6,0.6,1.0,0.4,1.2,1.6,0.2,0.8,0.0,1.0,0.0,0.8,0.6,2.6,4.4,0
1629599,Amir Coffey,LAC,24.0,44,32,12,0.727,9.0,1.0,2.3,0.437,0.5,1.3,0.411,0.6,0.9,0.711,0.2,0.8,1.0,0.5,0.3,0.2,0.0,0.2,0.7,0.5,3.2,-0.6,0
2760,Anderson Varejao,CLE,38.0,5,1,4,0.2,7.2,0.8,3.2,0.25,0.0,0.2,0.0,1.0,1.8,0.556,1.4,2.6,4.0,0.6,0.2,0.0,0.4,0.6,0.6,1.0,2.6,-6.6,0
203083,Andre Drummond,LAL,27.0,46,19,27,0.413,27.0,6.1,12.4,0.493,0.0,0.2,0.0,2.7,4.5,0.6,3.6,8.4,12.0,2.0,2.7,1.4,1.1,1.5,3.2,3.8,14.9,-2.3,0
2738,Andre Iguodala,MIA,37.0,63,37,26,0.587,21.3,1.5,3.9,0.383,1.0,2.9,0.33,0.4,0.6,0.658,0.6,2.9,3.5,2.3,1.1,0.9,0.6,0.0,1.4,0.9,4.4,-1.3,0
203460,Andre Roberson,BKN,29.0,5,4,1,0.8,12.6,0.4,2.8,0.143,0.2,1.6,0.125,0.2,0.4,0.5,1.4,1.6,3.0,0.8,0.4,0.6,0.2,0.4,0.8,0.4,1.2,-3.8,0
203952,Andrew Wiggins,GSW,26.0,71,38,33,0.535,33.3,7.1,14.9,0.477,2.0,5.2,0.38,2.4,3.4,0.714,1.2,3.7,4.9,2.4,1.8,0.9,1.0,0.6,2.2,3.0,18.6,0.0,0
1629014,Anfernee Simons,POR,22.0,64,37,27,0.578,17.3,2.6,6.3,0.419,1.9,4.4,0.426,0.7,0.9,0.807,0.2,2.0,2.2,1.4,0.7,0.3,0.1,0.3,1.5,0.6,7.8,0.7,0
203076,Anthony Davis,LAL,28.0,36,23,13,0.639,32.3,8.4,17.0,0.491,0.7,2.8,0.26,4.4,5.9,0.738,1.7,6.2,7.9,3.1,2.1,1.3,1.6,0.7,1.7,4.9,21.8,3.2,0
1630162,Anthony Edwards,MIN,19.0,72,23,49,0.319,32.1,7.0,16.8,0.417,2.4,7.2,0.329,2.9,3.8,0.776,0.8,3.8,4.7,2.9,2.2,1.1,0.5,0.9,1.8,2.6,19.3,-3.2,0
1630264,Anthony Gill,WAS,28.0,26,11,15,0.423,8.4,1.2,2.3,0.5,0.3,0.9,0.292,0.5,0.6,0.813,0.6,1.3,2.0,0.4,0.3,0.4,0.2,0.2,1.0,0.6,3.1,-0.7,0
1630237,Anthony Lamb,HOU,23.0,24,3,21,0.125,17.3,1.9,4.9,0.39,1.0,3.0,0.324,0.8,0.9,0.857,1.1,1.8,2.9,1.0,0.8,0.3,0.2,0.3,1.4,1.0,5.5,-3.7,0
201229,Anthony Tolliver,PHI,36.0,11,7,4,0.636,9.0,0.4,1.5,0.235,0.4,1.3,0.286,0.5,0.5,0.833,0.3,0.6,0.9,0.2,0.3,0.3,0.2,0.0,0.6,0.4,1.5,2.7,0
1628394,Anžejs Pasečņiks,WAS,25.0,1,1,0,1.0,6.3,0.0,1.0,0.0,0.0,1.0,0.0,0.0,0.0,0.0,1.0,0.0,1.0,1.0,5.0,0.0,0.0,0.0,2.0,0.0,0.0,-13.0,0
1629717,Armoni Brooks,HOU,23.0,20,3,17,0.15,26.0,3.9,9.6,0.406,3.0,7.9,0.382,0.4,0.6,0.583,0.5,2.9,3.4,1.5,1.1,0.6,0.3,0.3,1.7,0.5,11.2,-6.8,0
203382,Aron Baynes,TOR,34.0,53,20,33,0.377,18.5,2.5,5.7,0.441,0.5,1.9,0.262,0.5,0.8,0.707,1.6,3.5,5.2,0.9,0.9,0.3,0.4,0.3,2.2,1.0,6.1,-1.5,0
1630204,Ashton Hagans,MIN,21.0,2,0,2,0.0,2.0,0.0,0.0,0.0,0.0,0.0,0.0,0.0,0.0,0.0,0.0,0.0,0.0,0.0,0.5,0.0,0.0,0.0,0.0,0.0,0.0,-1.5,0
203085,Austin Rivers,DEN,28.0,36,20,16,0.556,23.5,2.9,6.8,0.424,1.5,4.1,0.369,0.6,0.9,0.71,0.2,2.1,2.3,2.3,1.0,0.8,0.1,0.4,1.8,0.9,7.9,0.3,0
202340,Avery Bradley,HOU,30.0,27,6,21,0.222,22.3,2.4,6.3,0.374,1.2,3.7,0.327,0.4,0.6,0.8,0.3,1.8,2.1,1.7,1.0,0.8,0.1,0.3,2.0,0.7,6.4,-4.9,0
1626253,Axel Toupane,MIL,28.0,8,2,6,0.25,7.7,0.5,1.4,0.364,0.1,0.3,0.5,0.6,0.9,0.714,0.0,0.8,0.8,0.5,0.0,0.3,0.4,0.3,0.8,0.5,1.8,-0.4,0
1628389,Bam Adebayo,MIA,23.0,64,34,30,0.531,33.5,7.1,12.5,0.57,0.0,0.1,0.25,4.4,5.5,0.799,2.2,6.7,9.0,5.4,2.6,1.2,1.0,0.6,2.3,5.3,18.7,0.4,0
203463,Ben McLemore,LAL,28.0,53,20,33,0.377,17.1,2.5,6.9,0.37,1.8,5.3,0.346,0.7,1.0,0.736,0.3,1.6,1.9,0.7,0.8,0.4,0.2,0.3,1.7,0.7,7.7,-1.9,0
1627732,Ben Simmons,PHI,24.0,58,42,16,0.724,32.4,5.6,10.1,0.557,0.1,0.2,0.3,3.0,4.9,0.613,1.6,5.6,7.2,6.9,3.0,1.6,0.6,0.8,2.9,4.5,14.3,5.7,0
202687,Bismack Biyombo,CHA,28.0,66,28,38,0.424,20.4,2.2,3.7,0.587,0.0,0.0,0.0,0.7,1.6,0.448,2.1,3.2,5.3,1.2,1.1,0.3,1.1,0.5,2.1,1.5,5.0,-4.2,0
201933,Blake Griffin,BKN,32.0,46,24,22,0.522,25.8,3.8,8.9,0.423,1.5,4.5,0.341,1.9,2.5,0.744,0.8,4.1,4.9,3.0,1.3,0.7,0.3,0.3,2.4,3.2,11.0,1.3,0
1626246,Boban Marjanovic,DAL,32.0,33,14,19,0.424,8.2,1.9,3.7,0.508,0.0,0.2,0.125,0.9,1.2,0.816,1.4,2.5,3.9,0.3,0.4,0.1,0.2,0.5,0.9,0.9,4.7,0.7,0
1626171,Bobby Portis,MIL,26.0,66,44,22,0.667,20.8,4.7,9.1,0.523,1.1,2.4,0.471,0.8,1.1,0.74,1.9,5.2,7.1,1.1,0.8,0.8,0.4,0.6,1.7,1.0,11.4,2.1,0
203992,Bogdan Bogdanović,ATL,28.0,44,30,14,0.682,29.7,6.1,12.8,0.473,3.3,7.6,0.438,0.9,1.0,0.909,0.5,3.2,3.6,3.3,1.2,1.1,0.3,0.4,2.3,1.4,16.4,2.5,0
202711,Bojan Bogdanovic,UTA,32.0,72,52,20,0.722,30.8,5.6,12.8,0.439,2.5,6.4,0.39,3.2,3.7,0.879,0.6,3.3,3.9,1.9,1.8,0.6,0.1,0.8,1.6,2.6,17.0,5.8,0
1629626,Bol Bol,DEN,21.0,32,21,11,0.656,5.0,0.8,1.8,0.431,0.3,0.8,0.375,0.3,0.5,0.667,0.0,0.8,0.8,0.2,0.4,0.1,0.3,0.0,0.4,0.3,2.2,-2.5,0
202954,Brad Wanamaker,CHA,31.0,61,29,32,0.475,17.3,1.9,4.9,0.385,0.3,1.4,0.188,1.5,1.7,0.891,0.3,1.4,1.7,2.9,1.2,0.7,0.2,0.6,1.5,1.5,5.5,-2.1,0
203078,Bradley Beal,WAS,28.0,60,32,28,0.533,35.8,11.2,23.0,0.485,2.2,6.2,0.349,6.8,7.7,0.889,1.2,3.5,4.7,4.4,3.1,1.2,0.4,1.0,2.3,5.4,31.3,-0.1,1
1629634,Brandon Clarke,MEM,24.0,59,32,27,0.542,24.0,4.3,8.4,0.517,0.3,1.3,0.26,1.3,1.9,0.69,1.6,3.9,5.6,1.6,0.6,1.0,0.9,0.5,1.4,1.7,10.3,-0.3,0
1629164,Brandon Goodwin,ATL,25.0,47,25,22,0.532,13.2,1.8,4.7,0.377,0.7,2.2,0.311,0.6,0.9,0.651,0.2,1.3,1.5,2.0,0.8,0.4,0.0,0.4,0.9,0.9,4.9,-1.3,0
1627742,Brandon Ingram,NOP,23.0,61,29,32,0.475,34.3,8.4,18.0,0.466,2.3,6.1,0.381,4.6,5.2,0.878,0.6,4.3,4.9,4.9,2.5,0.7,0.6,0.9,2.0,4.2,23.8,0.7,0
1628968,Brian Bowen II,IND,22.0,6,1,5,0.167,2.5,0.2,0.7,0.25,0.0,0.2,0.0,0.2,0.2,1.0,0.0,0.5,0.5,0.0,0.0,0.0,0.0,0.0,0.2,0.2,0.5,0.5,0
1630271,Brodric Thomas,CLE,24.0,32,6,26,0.188,12.5,1.2,3.4,0.361,0.5,1.8,0.271,1.0,1.4,0.674,0.3,1.4,1.7,0.9,0.7,0.5,0.3,0.2,1.3,1.0,3.9,-1.5,0
201572,Brook Lopez,MIL,33.0,70,46,24,0.657,27.2,4.6,9.1,0.503,1.4,4.0,0.338,1.7,2.0,0.845,1.5,3.5,5.0,0.7,0.9,0.6,1.5,0.3,2.1,1.8,12.3,4.5,0
1628971,Bruce Brown,BKN,24.0,65,45,20,0.692,22.3,3.6,6.5,0.556,0.3,0.9,0.288,1.3,1.8,0.735,1.7,3.7,5.4,1.6,0.8,0.9,0.4,0.6,2.2,1.3,8.8,1.1,0
203998,Bruno Caboclo,HOU,25.0,6,1,5,0.167,6.1,1.3,2.8,0.471,0.0,0.8,0.0,0.2,0.3,0.5,0.5,1.8,2.3,0.2,0.7,0.0,0.3,0.2,1.0,0.3,2.8,0.0,0
1628981,Bruno Fernando,ATL,22.0,33,20,13,0.606,6.8,0.5,1.3,0.409,0.0,0.1,0.0,0.5,0.7,0.682,0.5,1.9,2.4,0.3,0.6,0.1,0.1,0.2,0.7,0.6,1.5,-0.7,0
1627854,Bryn Forbes,MIL,27.0,70,45,25,0.643,19.3,3.6,7.6,0.473,2.2,4.9,0.452,0.7,0.9,0.77,0.2,1.4,1.6,0.6,0.6,0.3,0.0,0.3,1.1,0.5,10.0,1.4,0
1627741,Buddy Hield,SAC,28.0,71,31,40,0.437,34.3,5.7,14.0,0.406,4.0,10.2,0.391,1.2,1.5,0.846,0.4,4.3,4.7,3.6,1.8,0.9,0.4,0.5,2.5,1.0,16.6,-0.8,0
1629604,CJ Elleby,POR,21.0,30,19,11,0.633,6.4,0.8,2.2,0.379,0.2,1.1,0.206,0.4,0.5,0.733,0.4,0.7,1.1,0.3,0.2,0.2,0.1,0.1,0.9,0.4,2.3,-0.5,0
203468,CJ McCollum,POR,29.0,47,28,19,0.596,34.0,8.6,18.8,0.458,3.6,8.9,0.402,2.3,2.8,0.812,0.6,3.3,3.9,4.7,1.4,0.9,0.4,0.6,1.9,2.5,23.1,4.4,0
1628997,Caleb Martin,CHA,25.0,53,23,30,0.434,15.4,1.8,4.8,0.375,0.6,2.4,0.248,0.8,1.2,0.641,0.6,2.1,2.7,1.3,0.6,0.7,0.2,0.3,1.2,1.2,5.0,-1.9,0
1629629,Cam Reddish,ATL,21.0,26,10,16,0.385,28.9,3.7,10.1,0.365,1.3,4.8,0.262,2.6,3.2,0.817,0.8,3.2,4.0,1.3,1.3,1.3,0.3,0.8,2.6,2.3,11.2,-1.9,0
1629244,Cam Reynolds,HOU,26.0,5,3,2,0.6,8.1,1.2,3.6,0.333,0.6,2.4,0.25,0.0,0.0,0.0,0.4,0.6,1.0,0.4,0.0,0.0,0.0,0.0,0.4,0.0,3.0,-5.2,0
1629661,Cameron Johnson,PHX,25.0,60,43,17,0.717,24.0,3.4,8.1,0.42,2.0,5.6,0.349,0.8,1.0,0.847,0.6,2.8,3.3,1.4,0.7,0.6,0.3,0.3,1.4,1.2,9.6,2.9,0
1628419,Cameron Oliver,HOU,24.0,4,1,3,0.25,21.8,4.8,8.3,0.576,1.0,3.3,0.308,0.3,1.0,0.25,1.3,4.0,5.3,1.3,0.8,0.5,1.0,0.5,2.8,0.8,10.8,-2.8,0
1626166,Cameron Payne,PHX,26.0,60,42,18,0.7,18.0,3.2,6.6,0.484,1.2,2.8,0.44,0.8,0.9,0.893,0.3,2.1,2.4,3.6,1.0,0.6,0.3,0.3,1.6,1.1,8.4,3.0,0
1627747,Caris LeVert,IND,26.0,47,24,23,0.511,31.6,7.6,17.3,0.441,1.8,5.5,0.326,3.1,3.8,0.811,0.7,3.9,4.6,5.2,2.2,1.4,0.6,0.8,2.2,3.1,20.2,-0.1,0
2546,Carmelo Anthony,POR,37.0,69,39,30,0.565,24.5,4.7,11.3,0.421,1.9,4.7,0.409,2.0,2.2,0.89,0.5,2.6,3.1,1.5,0.9,0.7,0.6,0.3,2.1,1.9,13.4,-0.3,0
1629035,Carsen Edwards,BOS,23.0,31,14,17,0.452,8.9,1.5,3.6,0.423,0.6,2.0,0.286,0.4,0.4,0.846,0.1,0.7,0.8,0.5,0.2,0.2,0.0,0.2,0.8,0.4,4.0,-0.8,0
1630199,Cassius Stanley,IND,21.0,24,10,14,0.417,3.9,0.5,1.8,0.302,0.1,0.5,0.231,0.3,0.4,0.778,0.3,0.5,0.8,0.0,0.0,0.0,0.1,0.4,0.6,0.3,1.5,0.8,0
1630216,Cassius Winston,WAS,23.0,22,10,12,0.455,4.5,0.6,1.5,0.424,0.4,0.8,0.471,0.2,0.3,0.833,0.0,0.4,0.4,0.5,0.2,0.1,0.0,0.0,0.4,0.2,1.9,-2.2,0
1626224,Cedi Osman,CLE,26.0,59,17,42,0.288,25.6,3.7,9.9,0.374,1.7,5.5,0.306,1.3,1.6,0.8,0.6,2.8,3.4,2.9,1.4,0.9,0.2,0.6,2.0,1.6,10.4,-5.5,0
1628990,Chandler Hutchison,WAS,25.0,25,11,14,0.44,13.8,1.6,4.1,0.379,0.3,0.9,0.364,0.8,1.0,0.84,0.2,2.9,3.1,0.7,0.8,0.5,0.2,0.3,1.3,1.1,4.3,-2.3,0
1629718,Charlie Brown Jr.,OKC,24.0,9,1,8,0.111,16.9,1.4,4.8,0.302,0.6,2.3,0.238,1.0,1.1,0.9,0.3,1.6,1.9,1.0,0.7,0.4,0.2,0.2,2.1,0.9,4.4,-4.8,0
1626184,Chasson Randle,ORL,28.0,41,10,31,0.244,20.4,2.2,5.8,0.388,1.1,3.2,0.338,0.9,1.2,0.792,0.2,1.8,2.0,1.8,1.1,0.5,0.1,0.3,1.6,0.9,6.5,-6.5,0
1629002,Chimezie Metu,SAC,24.0,36,14,22,0.389,13.6,2.5,5.0,0.508,0.4,1.0,0.351,0.9,1.2,0.721,0.9,2.3,3.1,0.8,0.8,0.4,0.5,0.3,1.6,0.9,6.3,-1.6,0
1628449,Chris Boucher,TOR,28.0,60,25,35,0.417,24.2,4.8,9.3,0.514,1.5,3.9,0.383,2.5,3.2,0.788,2.0,4.8,6.7,1.1,0.8,0.6,1.9,0.7,2.8,2.4,13.6,1.6,0
1629185,Chris Chiozza,BKN,25.0,22,12,10,0.545,10.6,1.4,4.0,0.352,0.6,1.9,0.31,0.6,0.8,0.765,0.1,1.0,1.1,3.0,0.7,0.3,0.3,0.4,0.9,0.7,4.0,0.9,0
101108,Chris Paul,PHX,36.0,70,49,21,0.7,31.4,6.3,12.6,0.499,1.5,3.7,0.395,2.4,2.6,0.934,0.4,4.1,4.5,8.9,2.2,1.4,0.3,0.1,2.4,2.7,16.4,4.4,1
1629735,Chris Silva,SAC,24.0,15,8,7,0.533,6.2,0.7,1.1,0.625,0.1,0.1,1.0,0.7,1.0,0.733,0.5,1.3,1.8,0.4,0.7,0.1,0.4,0.2,1.6,0.9,2.1,-0.1,0
1626174,Christian Wood,HOU,25.0,41,12,29,0.293,32.3,8.0,15.6,0.514,1.9,5.0,0.374,3.0,4.8,0.631,1.9,7.8,9.6,1.7,2.0,0.8,1.2,0.7,2.1,4.5,21.0,-2.4,0
1629643,Chuma Okeke,ORL,22.0,45,15,30,0.333,25.2,3.0,7.2,0.417,1.1,3.1,0.348,0.7,0.9,0.75,0.9,3.1,4.0,2.2,0.8,1.1,0.5,0.3,1.1,0.8,7.8,-4.0,0
203991,Clint Capela,ATL,27.0,63,34,29,0.54,30.1,6.6,11.0,0.594,0.0,0.0,0.0,2.1,3.6,0.573,4.7,9.6,14.3,0.8,1.2,0.7,2.0,0.8,2.3,2.6,15.2,4.0,0
1629632,Coby White,CHI,21.0,69,30,39,0.435,31.2,5.4,13.1,0.416,2.4,6.6,0.359,1.9,2.1,0.901,0.4,3.7,4.1,4.8,2.3,0.6,0.2,0.9,2.6,2.2,15.1,-1.6,0
1628998,Cody Martin,CHA,25.0,52,26,26,0.5,16.3,1.6,3.6,0.441,0.3,1.1,0.276,0.5,0.8,0.581,1.0,2.1,3.1,1.7,0.8,0.7,0.2,0.3,1.0,0.9,4.0,-0.1,0
203469,Cody Zeller,CHA,28.0,48,21,27,0.438,20.9,3.8,6.8,0.559,0.1,0.6,0.143,1.8,2.5,0.714,2.5,4.4,6.8,1.8,1.1,0.6,0.4,0.6,2.5,2.4,9.4,0.9,0
1630175,Cole Anthony,ORL,21.0,47,13,34,0.277,27.1,4.7,11.7,0.397,1.2,3.7,0.337,2.3,2.8,0.832,0.8,3.9,4.7,4.1,2.3,0.6,0.4,1.0,2.1,2.8,12.9,-6.9,0
1629012,Collin Sexton,CLE,22.0,60,18,42,0.3,35.3,8.8,18.4,0.475,1.6,4.4,0.371,5.2,6.4,0.815,1.0,2.2,3.1,4.4,2.8,1.0,0.2,1.6,2.6,5.6,24.3,-6.3,0
202709,Cory Joseph,DET,29.0,63,25,38,0.397,23.0,3.2,6.8,0.469,0.7,2.1,0.341,1.1,1.4,0.818,0.6,2.0,2.5,3.4,1.3,1.0,0.3,0.4,2.2,1.8,8.2,-3.1,0
1626245,Cristiano Felicio,CHI,28.0,18,6,12,0.333,4.6,0.4,0.7,0.538,0.0,0.1,0.0,0.5,0.9,0.563,0.6,0.9,1.4,0.5,0.2,0.2,0.0,0.1,0.6,0.7,1.3,1.2,0
1626156,D'Angelo Russell,MIN,25.0,42,16,26,0.381,28.5,6.7,15.5,0.431,2.9,7.4,0.387,2.7,3.5,0.765,0.4,2.3,2.6,5.8,2.7,1.1,0.4,0.4,1.6,3.3,19.0,-4.6,0
201571,D.J. Augustin,HOU,33.0,57,28,29,0.491,19.8,2.4,6.0,0.394,1.5,3.8,0.382,1.5,1.6,0.904,0.4,1.3,1.6,3.3,1.1,0.5,0.0,0.5,1.0,1.4,7.7,-0.7,0
1628391,D.J. Wilson,HOU,25.0,35,13,22,0.371,12.4,1.9,4.8,0.405,0.9,2.5,0.345,0.5,0.7,0.68,0.6,2.6,3.2,0.7,0.6,0.3,0.5,0.3,1.3,0.6,5.2,-3.0,0
1629610,DaQuan Jeffries,SAS,23.0,31,6,25,0.194,15.9,1.6,3.9,0.417,0.6,2.2,0.299,0.2,0.3,0.875,0.6,1.7,2.3,0.7,0.5,0.5,0.3,0.3,1.5,0.6,4.1,-1.8,0
1629751,Dakota Mathias,PHI,25.0,8,4,4,0.5,15.4,2.4,6.0,0.396,1.0,3.3,0.308,0.3,0.8,0.333,0.1,0.8,0.9,1.6,0.1,0.1,0.4,0.0,0.9,0.6,6.0,-3.9,0
1627745,Damian Jones,SAC,26.0,39,24,15,0.615,14.0,1.8,2.6,0.68,0.0,0.1,0.2,1.1,1.5,0.724,0.9,2.2,3.1,0.7,0.7,0.3,0.7,0.2,2.0,1.4,4.7,-1.7,0
203081,Damian Lillard,POR,30.0,67,39,28,0.582,35.8,9.0,19.9,0.451,4.1,10.5,0.391,6.7,7.2,0.928,0.5,3.7,4.2,7.5,3.0,0.9,0.3,1.0,1.5,6.3,28.8,3.0,1
1627814,Damion Lee,GSW,28.0,57,28,29,0.491,18.9,2.2,4.8,0.467,1.4,3.4,0.397,0.7,0.8,0.909,0.4,2.8,3.2,1.3,0.5,0.7,0.1,0.1,1.6,1.1,6.5,0.7,0
1628422,Damyean Dotson,CLE,27.0,46,14,32,0.304,19.7,2.6,6.4,0.406,1.0,3.5,0.289,0.5,0.8,0.667,0.1,1.9,2.0,2.0,0.9,0.3,0.1,0.3,0.9,0.8,6.7,-4.7,0
1629655,Daniel Gafford,WAS,22.0,54,31,23,0.574,14.7,2.9,4.2,0.684,0.0,0.0,0.0,1.3,2.0,0.667,1.7,2.5,4.3,0.5,0.8,0.5,1.4,0.2,1.8,1.7,7.0,0.9,0
1630187,Daniel Oturu,LAC,21.0,30,21,9,0.7,5.4,0.7,1.7,0.423,0.0,0.2,0.2,0.3,0.4,0.75,0.7,0.9,1.6,0.3,0.3,0.1,0.2,0.4,0.8,0.3,1.8,0.3,0
1628464,Daniel Theis,CHI,29.0,65,28,37,0.431,24.6,3.9,7.2,0.541,0.8,2.3,0.322,1.1,1.7,0.673,1.4,4.0,5.5,1.7,1.0,0.6,0.9,0.4,2.6,1.8,9.6,-0.5,0
201568,Danilo Gallinari,ATL,32.0,51,29,22,0.569,24.0,4.0,9.3,0.434,2.0,5.0,0.406,3.2,3.4,0.925,0.3,3.8,4.1,1.5,0.8,0.6,0.2,0.4,2.1,2.5,13.3,1.8,0
201980,Danny Green,PHI,34.0,69,46,23,0.667,28.0,3.2,7.9,0.412,2.5,6.3,0.405,0.4,0.6,0.775,0.8,3.0,3.8,1.7,1.0,1.3,0.8,0.2,1.8,0.6,9.5,4.5,0
203957,Dante Exum,HOU,25.0,6,3,3,0.5,19.4,1.7,4.3,0.385,0.3,1.8,0.182,0.2,0.3,0.5,0.3,2.5,2.8,2.2,1.2,0.7,0.3,0.0,1.5,1.2,3.8,1.0,0
1627863,Danuel House Jr.,HOU,28.0,36,8,28,0.222,25.9,3.1,7.6,0.404,1.5,4.3,0.346,1.1,1.8,0.651,0.5,3.2,3.7,1.9,1.0,0.6,0.4,0.3,1.9,1.6,8.8,-6.2,0
203967,Dario Saric,PHX,27.0,50,37,13,0.74,17.4,3.1,6.8,0.447,0.9,2.7,0.348,1.7,2.0,0.848,0.9,2.9,3.8,1.3,1.1,0.6,0.1,0.6,1.9,1.8,8.7,4.4,0
1629647,Darius Bazley,OKC,21.0,55,16,39,0.291,31.2,5.0,12.5,0.396,1.5,5.2,0.29,2.3,3.2,0.702,0.9,6.3,7.2,1.8,2.2,0.5,0.5,1.0,1.1,2.3,13.7,-8.7,0
1629636,Darius Garland,CLE,21.0,54,18,36,0.333,33.1,6.7,14.9,0.451,1.9,4.9,0.395,2.1,2.4,0.848,0.4,2.0,2.4,6.1,3.0,1.2,0.1,0.7,2.0,2.7,17.4,-4.4,0
203121,Darius Miller,OKC,31.0,18,5,13,0.278,10.9,1.2,2.7,0.458,0.9,2.3,0.405,0.7,0.7,1.0,0.1,1.2,1.3,1.2,0.4,0.7,0.3,0.0,0.7,0.4,4.1,2.1,0
1628021,David Nwaba,HOU,28.0,30,8,22,0.267,22.6,3.5,7.3,0.486,0.6,2.1,0.27,1.6,2.3,0.691,1.3,2.6,3.9,1.0,0.6,1.0,0.7,0.9,2.0,2.0,9.2,-0.9,0
202722,Davis Bertans,WAS,28.0,57,29,28,0.509,25.7,3.4,8.4,0.404,3.0,7.5,0.395,1.8,2.0,0.87,0.3,2.6,2.9,0.9,0.6,0.6,0.2,0.1,2.4,1.3,11.5,1.9,0
1628368,De'Aaron Fox,SAC,23.0,58,24,34,0.414,35.1,9.1,19.1,0.477,1.8,5.5,0.322,5.2,7.2,0.719,0.6,2.9,3.5,7.2,3.0,1.5,0.5,1.1,2.9,5.5,25.2,-3.4,0
1629631,De'Andre Hunter,ATL,23.0,23,12,11,0.522,29.5,5.2,10.8,0.484,1.3,4.1,0.326,3.2,3.7,0.859,0.7,4.0,4.8,1.9,1.3,0.8,0.5,0.3,2.6,3.2,15.0,3.7,0
1629001,De'Anthony Melton,MEM,23.0,52,27,25,0.519,20.1,3.3,7.6,0.438,1.7,4.1,0.412,0.8,1.0,0.804,0.6,2.5,3.1,2.5,1.3,1.2,0.6,0.4,1.6,1.2,9.1,2.3,0
201599,DeAndre Jordan,BKN,32.0,57,37,20,0.649,21.9,3.3,4.4,0.763,0.0,0.0,0.0,0.8,1.6,0.5,2.1,5.4,7.5,1.6,1.5,0.3,1.1,0.1,2.0,1.5,7.5,-0.7,0
1627761,DeAndre' Bembry,TOR,26.0,51,23,28,0.451,19.1,2.3,4.5,0.513,0.3,1.0,0.264,0.9,1.3,0.682,0.6,2.2,2.9,2.1,1.4,1.0,0.4,0.4,1.7,1.1,5.7,0.1,0
201942,DeMar DeRozan,SAS,31.0,61,27,34,0.443,33.7,7.5,15.1,0.495,0.3,1.2,0.257,6.3,7.2,0.88,0.7,3.6,4.2,6.9,2.0,0.9,0.2,1.0,2.1,5.4,21.6,-1.7,0
202326,DeMarcus Cousins,LAC,30.0,41,22,19,0.537,17.4,3.2,7.4,0.426,1.1,3.3,0.348,1.4,2.0,0.728,1.3,5.1,6.4,1.9,1.6,0.8,0.6,0.5,2.6,2.2,8.9,-1.5,0
1629731,Dean Wade,CLE,24.0,63,19,44,0.302,19.2,2.1,4.9,0.431,1.2,3.4,0.366,0.5,0.6,0.769,0.6,2.8,3.4,1.2,0.5,0.6,0.3,0.1,1.2,0.6,6.0,-3.5,0
1629028,Deandre Ayton,PHX,22.0,69,48,21,0.696,30.6,6.2,10.0,0.626,0.1,0.3,0.2,1.9,2.5,0.769,3.3,7.2,10.5,1.4,1.5,0.6,1.2,0.7,2.8,2.4,14.4,4.0,0
1629686,Deividas Sirvydis,DET,21.0,20,8,12,0.4,6.7,0.7,2.0,0.35,0.5,1.4,0.357,0.2,0.3,0.5,0.0,1.5,1.5,0.3,0.3,0.1,0.0,0.1,0.5,0.3,2.1,-1.2,0
1627749,Dejounte Murray,SAS,24.0,67,32,35,0.478,31.9,6.6,14.5,0.453,0.9,3.0,0.317,1.6,2.0,0.791,0.9,6.2,7.1,5.4,1.7,1.5,0.1,0.8,2.0,2.0,15.7,1.3,0
1626153,Delon Wright,SAC,29.0,63,21,42,0.333,27.7,3.8,8.2,0.463,1.0,2.7,0.372,1.6,2.0,0.802,1.0,3.2,4.3,4.4,1.3,1.6,0.5,0.6,1.2,2.1,10.2,-1.7,0
1630166,Deni Avdija,WAS,20.0,54,25,29,0.463,23.3,2.4,5.8,0.417,1.0,3.1,0.315,0.5,0.8,0.644,0.4,4.4,4.9,1.2,0.6,0.6,0.3,0.3,2.6,0.8,6.3,-1.5,0
203471,Dennis Schröder,LAL,27.0,61,38,23,0.623,32.1,5.4,12.5,0.437,1.2,3.5,0.335,3.4,4.0,0.848,0.5,3.0,3.5,5.8,2.7,1.1,0.2,1.2,2.6,3.7,15.4,1.4,0
1628372,Dennis Smith Jr.,DET,23.0,23,7,16,0.304,18.3,2.5,6.3,0.4,0.8,2.5,0.328,0.8,1.1,0.731,0.5,1.9,2.4,3.3,1.1,1.0,0.6,0.5,1.6,1.3,6.7,-0.8,0
1627756,Denzel Valentine,CHI,27.0,62,26,36,0.419,16.7,2.5,6.7,0.373,1.3,3.9,0.331,0.3,0.3,0.941,0.4,2.8,3.2,1.7,0.7,0.5,0.1,0.2,1.1,0.5,6.5,0.7,0
202324,Derrick Favors,UTA,29.0,68,49,19,0.721,15.3,2.3,3.6,0.638,0.0,0.0,0.0,0.9,1.2,0.738,2.0,3.5,5.5,0.6,0.5,0.5,1.0,0.2,2.1,0.9,5.4,0.5,0
1627884,Derrick Jones Jr.,POR,24.0,58,32,26,0.552,22.7,2.5,5.2,0.484,0.7,2.3,0.316,1.0,1.6,0.648,1.3,2.2,3.5,0.8,0.6,0.6,0.9,0.3,2.2,1.2,6.8,-1.1,0
201565,Derrick Rose,NYK,32.0,50,28,22,0.56,25.6,5.7,12.2,0.47,1.0,2.6,0.388,2.2,2.5,0.866,0.4,2.2,2.6,4.2,1.6,1.0,0.4,0.6,1.1,2.0,14.7,2.7,0
1628401,Derrick White,SAS,26.0,36,18,18,0.5,29.5,5.2,12.6,0.411,2.3,6.8,0.346,2.7,3.2,0.851,0.4,2.6,3.0,3.5,1.3,0.7,1.0,0.8,2.5,3.2,15.4,2.6,0
1630217,Desmond Bane,MEM,23.0,68,36,32,0.529,22.3,3.4,7.3,0.469,1.7,4.0,0.432,0.6,0.7,0.816,0.5,2.6,3.1,1.7,0.9,0.6,0.2,0.5,1.8,0.6,9.2,0.2,0
1626164,Devin Booker,PHX,24.0,67,48,19,0.716,33.9,9.3,19.2,0.484,1.9,5.5,0.34,5.1,5.9,0.867,0.5,3.7,4.2,4.3,3.1,0.8,0.2,0.7,2.7,5.2,25.6,4.9,0
1629962,Devin Cannady,ORL,25.0,8,0,8,0.0,9.3,1.4,3.5,0.393,0.8,2.0,0.375,0.8,0.9,0.857,0.0,0.6,0.6,0.1,0.3,0.6,0.1,0.0,1.1,0.5,4.3,-2.9,0
1630170,Devin Vassell,SAS,20.0,62,30,32,0.484,17.0,2.0,4.9,0.406,0.8,2.4,0.347,0.7,0.8,0.843,0.4,2.4,2.8,0.9,0.4,0.7,0.3,0.1,1.4,0.7,5.5,-1.0,0
1629653,Devon Dotson,CHI,21.0,11,4,7,0.364,4.6,1.0,1.9,0.524,0.1,0.6,0.143,0.0,0.0,0.0,0.2,0.3,0.5,0.6,0.0,0.4,0.0,0.2,0.3,0.2,2.1,2.9,0
1629719,Devontae Cacok,LAL,24.0,20,8,12,0.4,4.9,0.9,1.5,0.586,0.0,0.0,0.0,0.3,0.6,0.455,0.6,1.0,1.6,0.1,0.3,0.3,0.2,0.2,0.4,0.7,2.0,2.1,0
1628984,Devonte' Graham,CHA,26.0,55,23,32,0.418,30.2,4.6,12.2,0.377,3.3,8.7,0.375,2.4,2.9,0.842,0.4,2.3,2.7,5.4,1.5,0.9,0.1,0.4,1.4,2.4,14.8,1.8,0
203473,Dewayne Dedmon,MIA,31.0,16,11,5,0.688,13.2,2.9,4.1,0.708,0.1,0.3,0.2,1.3,1.7,0.741,1.8,3.6,5.4,0.8,0.8,0.6,0.4,0.2,2.3,1.4,7.1,4.3,0
1629712,Didi Louzada,NOP,21.0,3,0,3,0.0,18.8,1.0,4.3,0.231,0.7,2.7,0.25,0.0,0.0,0.0,0.3,0.7,1.0,1.0,1.0,0.7,0.0,0.3,1.7,0.0,2.7,-3.7,0
1628415,Dillon Brooks,MEM,25.0,67,36,31,0.537,29.8,6.4,15.4,0.419,1.9,5.6,0.344,2.4,2.9,0.815,0.8,2.1,2.9,2.3,1.8,1.2,0.4,0.6,3.5,2.5,17.2,2.3,0
1627734,Domantas Sabonis,IND,25.0,62,29,33,0.468,36.0,7.8,14.6,0.535,0.8,2.6,0.321,3.9,5.3,0.732,2.4,9.5,12.0,6.7,3.4,1.2,0.5,0.9,3.3,4.8,20.3,-1.5,1
1628378,Donovan Mitchell,UTA,24.0,53,39,14,0.736,33.4,9.0,20.6,0.438,3.4,8.7,0.386,5.0,6.0,0.845,0.9,3.5,4.4,5.2,2.8,1.0,0.3,0.9,2.2,4.7,26.4,5.4,1
1629743,Donta Hall,ORL,23.0,13,3,10,0.231,13.8,1.9,2.7,0.714,0.0,0.0,0.0,1.8,2.6,0.676,1.8,2.9,4.8,0.8,0.6,0.4,0.8,0.2,1.4,1.9,5.6,-1.5,0
1628978,Donte DiVincenzo,MIL,24.0,66,44,22,0.667,27.5,3.8,9.1,0.42,2.0,5.2,0.379,0.8,1.1,0.718,1.2,4.5,5.8,3.1,1.4,1.1,0.2,0.5,1.7,1.3,10.4,4.6,0
1627827,Dorian Finney-Smith,DAL,28.0,60,36,24,0.6,32.0,3.7,7.8,0.472,2.0,5.0,0.394,0.5,0.7,0.756,1.6,3.8,5.4,1.7,0.8,0.9,0.4,0.4,2.3,0.9,9.8,3.3,0
203926,Doug McDermott,IND,29.0,66,32,34,0.485,24.5,5.4,10.1,0.532,1.7,4.3,0.388,1.2,1.5,0.816,0.9,2.4,3.3,1.3,0.8,0.3,0.1,0.7,1.8,1.1,13.6,-0.7,0
203110,Draymond Green,GSW,31.0,63,35,28,0.556,31.5,2.7,6.0,0.447,0.5,2.0,0.27,1.1,1.4,0.795,0.9,6.2,7.1,8.9,3.0,1.7,0.8,0.2,3.1,1.9,7.0,3.8,0
1629234,Drew Eubanks,SAS,24.0,54,21,33,0.389,14.0,2.1,3.8,0.566,0.0,0.0,1.0,1.4,2.0,0.726,1.4,3.1,4.5,0.8,0.8,0.3,0.9,0.4,1.6,1.8,5.8,-1.8,0
1629130,Duncan Robinson,MIA,27.0,72,40,32,0.556,31.4,4.4,10.0,0.439,3.5,8.5,0.408,0.9,1.0,0.827,0.1,3.4,3.5,1.8,1.1,0.6,0.3,0.3,2.5,1.4,13.1,1.6,0
1628407,Dwayne Bacon,ORL,25.0,72,21,51,0.292,25.7,4.1,10.1,0.402,0.8,2.9,0.285,2.0,2.4,0.824,0.4,2.7,3.1,1.3,0.6,0.6,0.1,0.5,1.4,1.8,10.9,-6.2,0
2730,Dwight Howard,PHI,35.0,69,46,23,0.667,17.3,2.6,4.4,0.587,0.1,0.3,0.25,1.8,3.0,0.576,2.8,5.7,8.4,0.9,1.6,0.4,0.9,0.4,2.9,2.8,7.0,-1.0,0
203939,Dwight Powell,DAL,29.0,58,36,22,0.621,16.6,2.1,3.3,0.619,0.1,0.4,0.238,1.7,2.1,0.782,1.4,2.7,4.0,1.1,0.7,0.6,0.5,0.3,2.3,2.3,5.9,1.3,0
1629685,Dylan Windler,CLE,24.0,31,11,20,0.355,16.5,1.8,4.2,0.438,0.8,2.5,0.338,0.7,0.9,0.778,0.6,2.8,3.5,1.1,1.0,0.6,0.4,0.2,1.2,0.7,5.2,-2.0,0
202734,E'Twaun Moore,PHX,32.0,27,20,7,0.741,14.4,2.0,4.5,0.455,0.4,1.3,0.314,0.4,0.5,0.857,0.5,1.1,1.7,1.5,0.9,0.6,0.2,0.4,1.2,0.6,4.9,0.3,0
202334,Ed Davis,MIN,32.0,23,5,18,0.217,13.0,0.8,1.9,0.432,0.0,0.0,0.0,0.4,0.5,0.833,2.0,3.0,5.0,0.9,0.3,0.6,0.6,0.3,2.4,0.5,2.1,-2.0,0
1628410,Edmond Sumner,IND,25.0,53,23,30,0.434,16.2,2.8,5.3,0.525,0.7,1.7,0.398,1.3,1.6,0.819,0.3,1.4,1.8,0.9,1.0,0.6,0.2,0.3,1.7,1.2,7.5,-0.6,0
203901,Elfrid Payton,NYK,27.0,63,36,27,0.571,23.6,4.3,9.9,0.432,0.4,1.6,0.286,1.2,1.7,0.682,1.0,2.4,3.4,3.2,1.6,0.7,0.1,1.2,1.8,1.7,10.1,-1.6,0
1629091,Elijah Bryant,MIL,26.0,1,0,1,0.0,31.6,6.0,13.0,0.462,1.0,5.0,0.2,3.0,3.0,1.0,2.0,4.0,6.0,3.0,4.0,0.0,1.0,0.0,4.0,3.0,16.0,11.0,0
1630190,Elijah Hughes,UTA,23.0,18,14,4,0.778,3.5,0.6,1.7,0.333,0.4,1.3,0.348,0.2,0.2,0.75,0.1,0.4,0.5,0.3,0.3,0.1,0.1,0.1,0.1,0.2,1.7,-2.1,0
202683,Enes Freedom,POR,29.0,72,42,30,0.583,24.4,4.7,7.8,0.604,0.0,0.1,0.25,1.8,2.3,0.774,3.9,7.1,11.0,1.2,1.1,0.5,0.7,0.9,2.3,2.0,11.2,2.2,0
202339,Eric Bledsoe,NOP,31.0,71,31,40,0.437,29.7,4.3,10.3,0.421,1.7,5.0,0.341,1.9,2.7,0.687,0.4,3.0,3.4,3.8,1.6,0.8,0.3,0.4,1.6,2.7,12.2,-0.9,0
201569,Eric Gordon,HOU,32.0,27,10,17,0.37,29.2,5.9,13.6,0.433,2.6,7.8,0.329,3.5,4.2,0.825,0.3,1.9,2.1,2.6,1.9,0.5,0.5,0.7,1.6,3.1,17.8,-2.5,0
1629672,Eric Paschall,GSW,24.0,40,20,20,0.5,17.4,3.7,7.5,0.497,0.5,1.4,0.333,1.7,2.4,0.713,0.7,2.5,3.2,1.3,1.1,0.3,0.2,0.6,1.7,2.0,9.5,-2.8,0
101141,Ersan Ilyasova,UTA,34.0,17,14,3,0.824,8.7,1.2,3.2,0.389,1.1,2.4,0.439,0.3,0.3,1.0,0.4,1.3,1.7,0.2,0.5,0.6,0.2,0.2,1.7,0.5,3.8,0.9,0
203095,Evan Fournier,BOS,28.0,42,18,24,0.429,30.0,5.9,12.9,0.457,2.8,6.7,0.413,2.6,3.3,0.788,0.2,2.8,3.0,3.4,1.7,1.1,0.5,0.7,2.3,2.5,17.1,-0.8,0
1630267,Facundo Campazzo,DEN,30.0,65,43,22,0.662,21.9,1.8,4.8,0.381,1.2,3.3,0.352,1.2,1.4,0.879,0.3,1.7,2.1,3.6,1.1,1.2,0.2,0.1,2.0,2.0,6.1,1.2,0
1628402,Frank Jackson,DET,23.0,40,13,27,0.325,18.5,3.4,7.3,0.457,1.5,3.8,0.407,1.5,1.9,0.813,0.4,1.8,2.2,0.9,0.9,0.4,0.0,0.4,1.3,1.7,9.8,-0.3,0
1626163,Frank Kaminsky,PHX,28.0,47,33,14,0.702,15.2,2.6,5.5,0.471,0.7,1.8,0.365,0.8,1.3,0.617,0.8,3.2,4.0,1.7,0.5,0.3,0.4,0.4,1.5,1.0,6.6,1.2,0
1628412,Frank Mason III,ORL,27.0,4,1,3,0.25,19.8,2.3,6.0,0.375,0.5,1.3,0.4,1.3,1.8,0.714,0.8,2.3,3.0,3.0,1.3,0.0,0.0,1.3,1.8,1.0,6.3,-4.8,0
1628373,Frank Ntilikina,NYK,22.0,33,23,10,0.697,9.8,0.9,2.4,0.367,0.7,1.5,0.479,0.2,0.5,0.444,0.2,0.8,0.9,0.6,0.3,0.5,0.1,0.1,1.4,0.5,2.7,-1.0,0
1627832,Fred VanVleet,TOR,27.0,52,22,30,0.423,36.5,6.5,16.7,0.389,3.3,9.2,0.366,3.3,3.7,0.885,0.6,3.6,4.2,6.3,1.8,1.7,0.7,1.1,2.3,3.4,19.6,2.7,0
1630273,Freddie Gillespie,TOR,24.0,20,7,13,0.35,19.6,2.2,4.2,0.524,0.0,0.0,0.0,1.2,1.7,0.697,2.1,2.8,4.9,0.5,0.6,0.7,1.0,0.4,2.2,1.9,5.6,-3.9,0
1627788,Furkan Korkmaz,PHI,23.0,55,39,16,0.709,19.3,3.1,7.7,0.401,1.8,4.9,0.375,1.1,1.5,0.732,0.3,1.7,2.1,1.5,0.8,0.9,0.2,0.2,1.2,1.3,9.1,2.6,0
1629216,Gabe Vincent,MIA,25.0,50,27,23,0.54,13.1,1.8,4.7,0.378,0.9,3.0,0.309,0.4,0.5,0.87,0.2,0.9,1.1,1.3,0.7,0.4,0.0,0.3,1.6,1.0,4.8,-1.5,0
1630466,Gabriel Deck,OKC,26.0,10,1,9,0.1,21.2,3.2,6.7,0.478,0.2,1.5,0.133,1.8,2.2,0.818,1.6,2.4,4.0,2.4,0.6,0.8,0.0,0.2,0.9,1.6,8.4,-5.1,0
202066,Garrett Temple,CHI,35.0,56,25,31,0.446,27.3,2.8,6.8,0.415,1.2,3.6,0.335,0.7,0.9,0.8,0.5,2.3,2.9,2.2,1.0,0.8,0.5,0.2,2.3,1.0,7.6,0.9,0
1629726,Garrison Mathews,WAS,24.0,64,32,32,0.5,16.2,1.5,3.7,0.409,1.2,3.1,0.384,1.3,1.5,0.884,0.3,1.1,1.4,0.4,0.2,0.5,0.1,0.1,1.7,1.5,5.5,-2.1,0
1629109,Gary Clark,PHI,26.0,39,12,27,0.308,16.8,1.0,3.4,0.303,0.8,2.8,0.287,0.2,0.3,0.8,0.8,2.1,2.9,0.8,0.4,0.3,0.2,0.1,0.9,0.4,3.1,-2.8,0
203914,Gary Harris,ORL,26.0,39,15,24,0.385,27.7,3.5,8.8,0.4,1.2,3.6,0.34,1.6,2.0,0.821,0.5,1.5,2.0,2.0,0.9,0.7,0.3,0.6,1.8,1.6,9.9,-2.1,0
1627780,Gary Payton II,GSW,28.0,10,7,3,0.7,4.0,1.0,1.3,0.769,0.2,0.4,0.5,0.3,0.4,0.75,0.2,0.9,1.1,0.1,0.1,0.6,0.1,0.0,0.8,0.4,2.5,0.1,0
1629018,Gary Trent Jr.,TOR,22.0,58,29,29,0.5,31.1,5.5,13.5,0.408,2.8,7.4,0.385,1.4,1.8,0.783,0.5,2.2,2.6,1.4,0.7,1.0,0.2,0.4,1.6,1.5,15.3,-1.0,0
201588,George Hill,PHI,35.0,30,16,14,0.533,22.4,3.2,6.6,0.482,1.0,2.7,0.388,1.3,1.7,0.8,0.5,1.5,2.0,2.4,1.0,0.8,0.2,0.4,1.0,2.0,8.7,-0.3,0
1627777,Georges Niang,UTA,28.0,72,52,20,0.722,16.0,2.5,5.6,0.437,1.7,4.1,0.425,0.3,0.3,0.957,0.4,2.1,2.4,0.8,0.7,0.3,0.1,0.1,1.6,0.3,6.9,4.9,0
203507,Giannis Antetokounmpo,MIL,26.0,61,40,21,0.656,33.0,10.3,18.0,0.569,1.1,3.6,0.303,6.5,9.5,0.685,1.6,9.4,11.0,5.9,3.4,1.2,1.2,0.9,2.8,7.7,28.1,6.7,1
203922,Glenn Robinson III,SAC,27.0,23,9,14,0.391,16.1,1.8,4.3,0.424,0.7,1.9,0.364,0.9,1.0,0.913,0.5,1.5,2.0,0.9,0.5,0.2,0.1,0.3,1.0,0.9,5.3,-5.7,0
1629048,Goga Bitadze,IND,21.0,45,19,26,0.422,12.5,1.8,4.3,0.428,0.4,1.8,0.253,1.0,1.4,0.738,1.3,2.0,3.3,0.8,0.4,0.2,1.3,0.3,2.1,1.2,5.1,-0.4,0
201609,Goran Dragic,MIA,35.0,50,30,20,0.6,26.7,4.8,11.1,0.432,1.8,4.9,0.373,2.0,2.4,0.828,0.5,2.9,3.4,4.4,2.4,0.7,0.2,0.5,2.3,2.2,13.4,0.8,0
202330,Gordon Hayward,CHA,31.0,44,24,20,0.545,34.0,7.1,15.0,0.473,1.9,4.7,0.415,3.5,4.2,0.843,0.8,5.0,5.9,4.1,2.1,1.2,0.3,0.6,1.7,3.4,19.6,0.4,0
203476,Gorgui Dieng,SAS,31.0,38,14,24,0.368,14.5,2.2,4.3,0.521,0.8,1.8,0.429,1.5,1.8,0.866,1.1,2.6,3.7,1.3,0.8,0.7,0.4,0.2,1.5,1.4,6.8,-1.8,0
1630203,Grant Riller,CHA,24.0,7,2,5,0.286,3.9,1.1,1.7,0.667,0.3,0.6,0.5,0.0,0.0,0.0,0.0,0.1,0.1,0.4,0.1,0.1,0.0,0.0,0.0,0.1,2.6,-0.6,0
1629684,Grant Williams,BOS,22.0,63,30,33,0.476,18.1,1.7,3.9,0.437,0.8,2.0,0.372,0.5,0.8,0.588,0.8,2.1,2.8,1.0,0.9,0.5,0.4,0.2,2.6,1.0,4.7,-0.8,0
1628960,Grayson Allen,MEM,25.0,50,26,24,0.52,25.2,3.5,8.3,0.418,2.1,5.5,0.391,1.6,1.8,0.868,0.4,2.8,3.2,2.2,1.0,0.9,0.2,0.4,1.4,1.4,10.6,0.2,0
204222,Greg Whittington,DEN,28.0,4,3,1,0.75,3.0,0.0,0.8,0.0,0.0,0.5,0.0,0.0,0.0,0.0,0.0,0.0,0.0,0.0,0.0,0.0,0.0,0.0,0.0,0.0,0.0,2.3,0
1628977,Hamidou Diallo,DET,22.0,52,18,34,0.346,23.6,4.3,9.0,0.477,0.5,1.6,0.341,2.5,3.8,0.64,1.1,4.1,5.2,1.9,1.5,0.8,0.5,0.6,2.6,2.8,11.6,-3.7,0
203084,Harrison Barnes,SAC,29.0,58,25,33,0.431,36.2,5.5,11.1,0.497,1.7,4.4,0.391,3.4,4.1,0.83,1.1,5.5,6.6,3.5,1.6,0.7,0.2,0.4,1.3,3.4,16.1,-1.0,0
1628385,Harry Giles III,POR,23.0,38,23,15,0.605,9.2,1.1,2.6,0.433,0.2,0.6,0.348,0.4,0.7,0.593,0.8,2.7,3.5,0.8,0.5,0.2,0.3,0.2,1.4,0.6,2.8,-2.1,0
202355,Hassan Whiteside,SAC,32.0,36,16,20,0.444,15.2,3.5,6.2,0.563,0.0,0.0,0.0,1.1,2.2,0.519,1.7,4.3,6.0,0.6,1.1,0.3,1.3,0.5,2.0,2.1,8.1,-2.9,0
1627740,Henry Ellenson,TOR,24.0,2,0,2,0.0,19.2,2.5,7.0,0.357,1.0,4.5,0.222,1.5,2.0,0.75,1.5,4.5,6.0,2.5,0.0,0.0,0.0,0.5,3.5,1.5,7.5,3.5,0
1629649,Ignas Brazdeikis,ORL,22.0,13,3,10,0.231,19.1,2.7,6.4,0.422,0.8,2.2,0.393,0.8,1.1,0.714,0.8,2.6,3.5,1.3,0.9,0.3,0.2,0.7,1.7,0.8,7.0,-2.1,0
202697,Iman Shumpert,BKN,31.0,2,1,1,0.5,5.5,0.5,2.0,0.25,0.0,1.5,0.0,0.0,0.0,0.0,0.5,0.0,0.5,0.0,0.5,0.5,0.0,0.0,0.0,0.0,1.0,-0.5,0
1630193,Immanuel Quickley,NYK,22.0,64,37,27,0.578,19.4,3.6,9.1,0.395,1.8,4.7,0.389,2.4,2.7,0.891,0.4,1.8,2.1,2.0,0.9,0.5,0.2,0.4,1.8,2.0,11.4,2.8,0
1629067,Isaac Bonga,WAS,21.0,40,16,24,0.4,10.8,0.8,2.0,0.37,0.3,1.2,0.277,0.1,0.2,0.625,0.5,1.2,1.7,0.6,0.6,0.3,0.2,0.0,1.6,0.4,2.0,-0.9,0
1630171,Isaac Okoro,CLE,20.0,67,20,47,0.299,32.4,3.5,8.3,0.42,0.9,3.2,0.29,1.7,2.3,0.726,1.0,2.1,3.1,1.9,1.3,0.9,0.4,0.8,2.8,1.9,9.6,-6.1,0
1628392,Isaiah Hartenstein,CLE,23.0,46,20,26,0.435,12.1,2.0,3.7,0.55,0.0,0.1,0.333,1.0,1.5,0.648,1.4,2.5,3.9,1.2,1.0,0.4,0.8,0.3,2.3,1.4,5.1,0.0,0
1630198,Isaiah Joe,PHI,21.0,41,22,19,0.537,9.3,1.2,3.2,0.361,1.0,2.6,0.368,0.4,0.6,0.75,0.1,0.7,0.9,0.5,0.3,0.3,0.1,0.0,0.8,0.8,3.7,0.0,0
1629676,Isaiah Roby,OKC,23.0,61,19,42,0.311,23.4,3.4,7.0,0.483,0.5,1.8,0.294,1.4,1.9,0.744,1.5,4.1,5.6,1.8,1.9,0.9,0.6,0.6,2.7,1.7,8.7,-7.2,0
1630191,Isaiah Stewart,DET,20.0,68,20,48,0.294,21.4,3.3,6.0,0.553,0.3,0.9,0.333,0.9,1.4,0.696,2.3,4.3,6.7,0.9,1.0,0.6,1.3,0.4,2.7,1.7,7.9,-0.9,0
202738,Isaiah Thomas,NOP,32.0,3,1,2,0.333,16.1,3.0,9.0,0.333,1.0,4.0,0.25,0.7,0.7,1.0,0.3,1.0,1.3,1.7,2.0,0.3,0.0,0.3,1.0,2.0,7.7,2.7,0
202397,Ish Smith,WAS,32.0,44,23,21,0.523,21.0,2.9,6.8,0.434,0.4,1.1,0.367,0.4,0.8,0.576,0.5,2.9,3.4,3.9,0.9,0.7,0.3,0.2,1.4,1.1,6.7,1.2,0
1627826,Ivica Zubac,LAC,24.0,72,47,25,0.653,22.3,3.6,5.5,0.652,0.0,0.1,0.25,1.9,2.4,0.789,2.6,4.6,7.2,1.3,1.1,0.3,0.9,0.7,2.6,2.3,9.0,2.5,0
200755,JJ Redick,DAL,37.0,44,22,22,0.5,16.4,2.4,6.1,0.397,1.5,4.0,0.371,1.1,1.2,0.942,0.1,1.4,1.5,1.2,0.8,0.3,0.1,0.2,1.1,1.3,7.4,0.0,0
1629630,Ja Morant,MEM,21.0,63,33,30,0.524,32.6,6.8,15.2,0.449,1.2,3.8,0.303,4.3,5.9,0.728,0.9,3.1,4.0,7.4,3.2,0.9,0.2,1.1,1.4,4.9,19.1,1.7,0
203960,JaKarr Sampson,IND,28.0,29,14,15,0.483,10.9,1.9,3.9,0.496,0.1,0.5,0.2,0.7,1.0,0.655,0.9,1.7,2.7,0.1,0.5,0.1,0.5,0.2,1.8,0.8,4.6,0.1,0
203210,JaMychal Green,DEN,31.0,58,38,20,0.655,19.3,3.0,6.4,0.463,1.4,3.4,0.399,0.8,1.0,0.807,1.5,3.3,4.8,0.9,0.9,0.4,0.4,0.5,2.5,0.8,8.1,1.7,0
201580,JaVale McGee,DEN,33.0,46,21,25,0.457,14.7,3.1,6.1,0.511,0.1,0.5,0.208,1.0,1.5,0.657,1.7,3.5,5.2,0.8,1.3,0.4,1.2,0.3,2.6,1.4,7.3,-1.9,0
203953,Jabari Parker,BOS,26.0,13,4,9,0.308,12.7,2.3,4.2,0.545,0.2,0.8,0.182,0.8,1.0,0.769,0.8,2.5,3.2,0.8,0.8,0.1,0.4,0.0,1.0,0.9,5.5,-1.1,0
1630183,Jaden McDaniels,MIN,20.0,63,18,45,0.286,24.0,2.6,5.8,0.447,1.1,3.1,0.364,0.4,0.7,0.6,0.8,2.9,3.7,1.1,0.7,0.6,1.0,0.2,2.7,0.7,6.8,-1.6,0
203109,Jae Crowder,PHX,30.0,60,42,18,0.7,27.5,3.3,8.2,0.404,2.5,6.3,0.389,1.0,1.3,0.76,0.5,4.2,4.7,2.1,0.9,0.8,0.5,0.2,2.1,1.4,10.1,3.6,0
1630256,Jae'Sean Tate,HOU,25.0,70,17,53,0.243,29.2,4.5,8.9,0.506,0.9,2.8,0.308,1.5,2.1,0.694,1.9,3.5,5.3,2.5,1.4,1.2,0.5,0.7,3.2,2.3,11.3,-2.7,0
1626143,Jahlil Okafor,DET,25.0,27,5,22,0.185,12.9,2.3,3.8,0.618,0.1,0.3,0.222,0.6,0.9,0.708,0.9,1.6,2.4,0.5,0.8,0.2,0.2,0.5,1.4,0.9,5.4,-3.1,0
1630186,Jahmi'us Ramsey,SAC,20.0,13,5,8,0.385,7.3,1.2,2.9,0.395,0.4,1.5,0.263,0.4,0.4,1.0,0.2,0.6,0.8,0.5,0.2,0.3,0.1,0.1,0.6,0.4,3.1,0.2,0
1627774,Jake Layman,MIN,27.0,45,12,33,0.267,13.9,2.0,4.1,0.495,0.5,1.7,0.295,0.6,0.8,0.703,0.3,1.2,1.5,0.6,0.6,0.6,0.4,0.4,1.0,0.7,5.1,-1.8,0
1627751,Jakob Poeltl,SAS,25.0,69,32,37,0.464,26.7,3.8,6.2,0.616,0.0,0.0,0.0,0.9,1.8,0.508,3.2,4.8,7.9,1.9,1.2,0.7,1.8,0.4,2.5,1.7,8.6,1.6,0
1628973,Jalen Brunson,DAL,24.0,68,40,28,0.588,25.0,4.8,9.2,0.523,1.2,2.9,0.405,1.8,2.2,0.795,0.4,3.0,3.4,3.5,1.2,0.5,0.0,0.3,1.6,2.6,12.6,2.4,0
1630223,Jalen Harris,TOR,22.0,13,3,10,0.231,13.2,2.8,5.5,0.5,1.3,2.8,0.472,0.5,0.7,0.778,0.2,1.2,1.4,1.3,1.1,0.6,0.0,0.5,1.2,0.7,7.4,-0.1,0
1629665,Jalen Lecque,IND,21.0,4,2,2,0.5,3.0,0.3,2.3,0.111,0.0,0.3,0.0,0.8,0.8,1.0,0.5,0.8,1.3,0.5,0.0,0.0,0.0,0.3,0.0,0.5,1.3,-1.0,0
1629667,Jalen McDaniels,CHA,23.0,47,18,29,0.383,19.2,2.8,6.0,0.468,0.7,2.2,0.333,1.0,1.4,0.703,1.0,2.6,3.6,1.1,1.0,0.6,0.4,0.5,2.0,1.3,7.4,-3.8,0
1630188,Jalen Smith,PHX,21.0,27,19,8,0.704,5.8,0.8,1.9,0.44,0.1,0.6,0.235,0.2,0.3,0.714,0.3,1.1,1.4,0.1,0.3,0.0,0.1,0.0,0.6,0.3,2.0,-0.6,0
1627750,Jamal Murray,DEN,24.0,48,31,17,0.646,35.5,7.9,16.5,0.477,2.7,6.6,0.408,2.8,3.2,0.869,0.8,3.3,4.0,4.8,2.3,1.3,0.3,0.5,2.0,3.3,21.2,6.3,0
203516,James Ennis III,ORL,30.0,41,12,29,0.293,24.1,2.8,5.9,0.473,1.1,2.5,0.433,1.7,2.1,0.805,1.0,3.0,4.0,1.5,0.9,0.8,0.2,0.5,2.0,1.7,8.4,-1.8,0
201935,James Harden,BKN,31.0,44,31,13,0.705,36.6,7.8,16.7,0.466,2.8,7.6,0.362,6.3,7.3,0.861,0.8,7.1,7.9,10.8,4.0,1.2,0.8,1.1,2.3,5.1,24.6,2.3,1
201949,James Johnson,NOP,34.0,51,21,30,0.412,20.5,2.9,6.4,0.446,0.6,2.4,0.258,0.9,1.5,0.592,0.6,2.8,3.5,1.9,1.1,0.8,0.8,0.3,2.4,1.1,7.2,-2.5,0
203263,James Nunnally,NOP,30.0,9,3,6,0.333,5.3,0.6,1.4,0.385,0.4,1.3,0.333,0.1,0.2,0.5,0.2,0.8,1.0,0.3,0.2,0.0,0.0,0.0,0.1,0.2,1.7,-0.4,0
1630164,James Wiseman,GSW,20.0,39,18,21,0.462,21.4,4.9,9.4,0.519,0.3,1.0,0.316,1.4,2.2,0.628,1.4,4.4,5.8,0.7,1.5,0.3,0.9,0.5,3.1,1.9,11.5,-4.7,0
201162,Jared Dudley,LAL,35.0,12,7,5,0.583,6.7,0.2,0.8,0.222,0.2,0.5,0.333,0.0,0.0,0.0,0.3,1.4,1.8,0.4,0.2,0.1,0.1,0.1,0.6,0.0,0.5,0.2,0
1629607,Jared Harper,NYK,23.0,8,5,3,0.625,2.0,0.0,0.5,0.0,0.0,0.1,0.0,0.4,0.5,0.75,0.0,0.3,0.3,0.1,0.4,0.0,0.0,0.0,0.1,0.3,0.4,-0.6,0
1628991,Jaren Jackson Jr.,MEM,21.0,11,4,7,0.364,23.5,4.8,11.4,0.424,1.5,5.5,0.283,3.2,3.8,0.833,1.5,4.1,5.6,1.1,1.4,1.1,1.6,0.6,3.8,3.2,14.4,-5.8,0
1629020,Jarred Vanderbilt,MIN,22.0,64,18,46,0.281,17.8,2.2,3.7,0.606,0.0,0.1,0.2,0.9,1.6,0.559,1.8,3.9,5.8,1.2,0.8,1.0,0.7,0.5,1.9,1.5,5.4,-0.8,0
1629714,Jarrell Brantley,UTA,25.0,28,23,5,0.821,4.9,0.9,1.9,0.481,0.4,1.0,0.429,0.1,0.1,1.0,0.3,0.6,1.0,0.5,0.3,0.3,0.1,0.1,0.6,0.0,2.3,-0.9,0
1628386,Jarrett Allen,CLE,23.0,63,20,43,0.317,29.6,4.7,7.7,0.618,0.1,0.3,0.316,3.2,4.6,0.703,3.1,6.9,10.0,1.7,1.6,0.5,1.4,0.6,1.5,4.2,12.8,-3.2,0
1629633,Jarrett Culver,MIN,22.0,34,7,27,0.206,14.7,2.0,4.9,0.411,0.4,1.6,0.245,0.9,1.4,0.604,1.0,2.1,3.1,0.7,0.8,0.5,0.3,0.5,1.7,1.2,5.3,-3.9,0
1629750,Javonte Green,CHI,27.0,41,19,22,0.463,11.6,1.3,2.5,0.52,0.2,0.7,0.333,0.7,1.0,0.75,0.6,1.1,1.7,0.4,0.5,0.7,0.1,0.1,1.1,0.8,3.6,0.4,0
1629637,Jaxson Hayes,NOP,21.0,60,24,36,0.4,16.1,2.9,4.7,0.625,0.1,0.2,0.429,1.6,2.0,0.775,1.5,2.8,4.3,0.6,0.7,0.4,0.6,0.3,1.7,1.6,7.5,-0.4,0
1630206,Jay Scrubb,LAC,20.0,4,2,2,0.5,21.0,3.5,9.0,0.389,0.5,2.3,0.222,1.3,1.3,1.0,0.5,3.0,3.5,0.3,1.8,1.0,0.0,1.0,1.3,1.5,8.8,0.5,0
1629121,Jaylen Adams,MIL,25.0,7,5,2,0.714,2.6,0.1,1.1,0.125,0.0,0.3,0.0,0.0,0.0,0.0,0.0,0.4,0.4,0.3,0.0,0.0,0.0,0.0,0.1,0.0,0.3,-1.7,0
1627759,Jaylen Brown,BOS,24.0,58,30,28,0.517,34.5,9.3,19.2,0.484,2.8,7.1,0.397,3.3,4.3,0.764,1.2,4.8,6.0,3.4,2.7,1.2,0.6,1.1,2.9,4.1,24.7,1.2,1
1629658,Jaylen Hoard,OKC,22.0,19,1,18,0.053,16.8,2.3,4.6,0.5,0.0,0.6,0.0,1.5,2.2,0.683,1.1,2.3,3.4,1.3,0.9,0.7,0.3,0.7,1.0,1.4,6.1,-3.3,0
1629669,Jaylen Nowell,MIN,21.0,42,10,32,0.238,18.1,3.4,8.0,0.424,1.2,3.6,0.333,1.1,1.3,0.818,0.5,1.8,2.3,1.5,0.7,0.5,0.3,0.4,1.7,1.0,9.0,-2.4,0
1628369,Jayson Tatum,BOS,23.0,64,34,30,0.531,35.8,9.5,20.6,0.459,2.9,7.6,0.386,4.6,5.3,0.868,0.8,6.6,7.4,4.3,2.7,1.2,0.5,1.0,1.9,4.2,26.4,2.5,1
201145,Jeff Green,BKN,34.0,68,44,24,0.647,27.0,3.8,7.8,0.492,1.5,3.7,0.412,1.8,2.4,0.776,0.5,3.4,3.9,1.6,0.8,0.5,0.4,0.3,1.8,1.9,11.0,1.7,0
201952,Jeff Teague,MIL,33.0,55,27,28,0.491,17.3,2.2,5.2,0.433,0.7,1.5,0.439,1.6,1.9,0.848,0.3,1.3,1.6,2.4,1.2,0.6,0.2,0.3,1.0,1.4,6.7,1.0,0
203924,Jerami Grant,DET,27.0,54,15,39,0.278,33.9,7.4,17.3,0.429,2.1,6.1,0.35,5.4,6.4,0.845,0.6,4.0,4.6,2.8,2.0,0.6,1.1,1.1,2.3,4.7,22.3,-2.2,0
1629725,Jeremiah Martin,CLE,25.0,9,0,9,0.0,8.4,1.0,3.7,0.273,0.3,1.3,0.25,0.1,0.6,0.2,0.2,0.6,0.8,0.4,0.7,0.6,0.2,0.6,0.1,0.4,2.4,-2.9,0
203087,Jeremy Lamb,IND,29.0,36,16,20,0.444,21.3,3.3,7.7,0.435,1.4,3.6,0.406,2.0,2.1,0.947,0.7,2.9,3.6,1.5,0.6,0.9,0.6,0.3,2.0,2.1,10.1,-0.4,0
1629010,Jerome Robinson,WAS,24.0,17,5,12,0.294,17.9,1.6,5.6,0.295,0.6,2.5,0.262,0.9,1.2,0.8,0.2,2.0,2.2,1.5,1.1,0.7,0.4,0.3,1.8,1.2,4.9,-5.9,0
1628975,Jevon Carter,PHX,25.0,60,42,18,0.7,11.9,1.6,3.7,0.422,0.9,2.5,0.371,0.1,0.1,0.571,0.3,1.3,1.5,1.2,0.3,0.5,0.2,0.1,0.9,0.3,4.1,0.5,0
202710,Jimmy Butler III,MIA,31.0,52,33,19,0.635,33.6,7.0,14.2,0.497,0.5,2.0,0.245,6.9,8.0,0.863,1.8,5.1,6.9,7.1,2.1,2.1,0.3,0.8,1.4,6.0,21.5,3.8,0
203925,Joe Harris,BKN,29.0,69,45,24,0.652,31.0,5.2,10.2,0.505,3.1,6.4,0.475,0.7,0.9,0.778,0.6,3.0,3.6,1.9,0.9,0.7,0.2,0.4,2.0,1.1,14.1,5.1,0
204060,Joe Ingles,UTA,33.0,67,47,20,0.701,27.9,4.1,8.4,0.489,2.7,6.1,0.451,1.1,1.3,0.844,0.4,3.2,3.6,4.7,1.7,0.7,0.2,0.2,1.8,1.6,12.1,6.8,0
203954,Joel Embiid,PHI,27.0,51,39,12,0.765,31.1,9.0,17.6,0.513,1.1,3.0,0.377,9.2,10.7,0.859,2.2,8.4,10.6,2.8,3.1,1.0,1.4,0.9,2.4,7.4,28.5,7.9,0
1628381,John Collins,ATL,23.0,63,34,29,0.54,29.3,6.8,12.2,0.556,1.3,3.3,0.399,2.7,3.2,0.833,1.9,5.5,7.4,1.2,1.3,0.5,1.0,0.8,3.1,3.1,17.6,2.9,0
1629723,John Konchar,MEM,25.0,43,23,20,0.535,13.4,1.6,3.2,0.5,0.5,1.3,0.375,0.6,0.7,0.833,0.8,2.2,3.0,1.1,0.4,0.7,0.2,0.3,0.9,0.6,4.3,0.4,0
202322,John Wall,HOU,30.0,40,12,28,0.3,32.2,7.3,18.2,0.404,2.0,6.2,0.317,4.0,5.3,0.749,0.4,2.8,3.2,6.9,3.5,1.1,0.8,1.1,1.2,4.3,20.6,-4.2,0
202685,Jonas Valančiūnas,MEM,29.0,62,32,30,0.516,28.3,7.1,12.0,0.592,0.3,0.9,0.368,2.5,3.3,0.773,4.1,8.4,12.5,1.8,1.6,0.6,0.9,0.9,2.9,3.1,17.1,2.2,0
1629007,Jontay Porter,MEM,21.0,11,7,4,0.636,4.9,0.7,1.4,0.533,0.3,0.7,0.375,0.3,0.5,0.6,0.4,0.9,1.3,0.1,0.6,0.3,0.1,0.0,1.1,0.2,2.0,0.1,0
1628395,Jordan Bell,GSW,26.0,6,3,3,0.5,13.6,1.2,3.7,0.318,0.0,0.3,0.0,0.2,0.3,0.5,1.2,2.8,4.0,1.2,0.7,0.5,0.8,0.5,1.2,0.7,2.5,-5.3,0
1629648,Jordan Bone,ORL,23.0,14,2,12,0.143,14.0,1.6,3.9,0.426,0.7,2.3,0.313,0.0,0.0,0.0,0.3,1.4,1.7,1.3,0.2,0.1,0.0,0.0,0.8,0.2,4.0,-4.2,0
203903,Jordan Clarkson,UTA,29.0,68,49,19,0.721,26.7,6.7,15.8,0.425,3.1,8.8,0.347,1.9,2.1,0.896,0.7,3.3,4.0,2.5,1.7,0.9,0.1,0.6,1.6,1.9,18.4,4.4,0
1629162,Jordan McLaughlin,MIN,25.0,51,15,36,0.294,18.4,2.0,4.7,0.413,0.6,1.8,0.359,0.5,0.6,0.767,0.4,1.7,2.1,3.8,1.0,1.0,0.1,0.5,0.9,1.0,5.0,-2.6,0
1629670,Jordan Nwora,MIL,22.0,30,19,11,0.633,9.1,2.1,4.5,0.459,0.9,2.1,0.452,0.6,0.8,0.76,0.3,1.7,2.0,0.2,0.8,0.6,0.3,0.5,0.7,0.6,5.7,-0.1,0
1629673,Jordan Poole,GSW,22.0,51,28,23,0.549,19.4,4.0,9.3,0.432,1.9,5.4,0.351,2.1,2.3,0.882,0.3,1.5,1.8,1.9,1.0,0.5,0.2,0.3,1.7,2.0,12.0,0.6,0
1630182,Josh Green,DAL,20.0,39,20,19,0.513,11.4,1.1,2.4,0.452,0.1,0.6,0.16,0.3,0.6,0.565,0.7,1.3,2.0,0.7,0.4,0.4,0.1,0.2,0.9,0.6,2.6,0.4,0
1630221,Josh Hall,OKC,20.0,21,2,19,0.095,16.0,1.4,4.7,0.303,0.2,1.8,0.108,1.0,2.1,0.5,0.3,2.5,2.8,1.3,1.2,0.2,0.0,0.5,1.8,1.3,4.1,-4.8,0
1628404,Josh Hart,NOP,26.0,47,21,26,0.447,28.7,3.2,7.3,0.439,1.3,4.1,0.326,1.5,1.9,0.775,1.1,6.9,8.0,2.3,1.0,0.8,0.3,0.5,2.4,1.4,9.2,0.0,0
1628367,Josh Jackson,DET,24.0,62,16,46,0.258,25.2,4.8,11.4,0.419,1.2,4.1,0.3,2.6,3.5,0.729,0.9,3.2,4.1,2.3,2.3,0.9,0.8,1.1,2.9,2.7,13.4,-2.0,0
1629006,Josh Okogie,MIN,22.0,59,21,38,0.356,20.3,1.7,4.3,0.402,0.5,1.8,0.269,1.4,1.8,0.769,1.1,1.6,2.6,1.1,0.7,0.9,0.5,0.4,2.1,1.7,5.4,-3.3,0
1626196,Josh Richardson,DAL,27.0,59,35,24,0.593,30.3,4.5,10.5,0.427,1.5,4.5,0.33,1.7,1.8,0.917,0.9,2.4,3.3,2.6,1.3,1.0,0.4,0.4,2.2,1.8,12.1,-0.8,0
201950,Jrue Holiday,MIL,31.0,59,41,18,0.695,32.3,7.0,13.9,0.503,1.9,4.8,0.392,1.8,2.3,0.787,1.2,3.3,4.5,6.1,2.2,1.6,0.6,0.7,1.7,2.0,17.7,6.4,0
1629308,Juan Toscano-Anderson,GSW,28.0,53,28,25,0.528,20.9,2.3,3.9,0.579,0.7,1.7,0.402,0.4,0.6,0.71,0.5,3.9,4.4,2.8,1.2,0.8,0.5,0.2,2.1,0.9,5.7,1.8,0
1627823,Juancho Hernangomez,MIN,25.0,52,19,33,0.365,17.3,2.5,5.8,0.435,1.1,3.2,0.327,1.2,1.9,0.619,0.9,3.1,3.9,0.7,0.5,0.4,0.1,0.4,1.0,1.4,7.2,-1.4,0
203944,Julius Randle,NYK,26.0,71,40,31,0.563,37.6,8.5,18.6,0.456,2.3,5.5,0.411,4.9,6.0,0.811,1.2,9.0,10.2,6.0,3.4,0.9,0.3,1.0,3.2,5.0,24.1,2.2,1
203200,Justin Holiday,IND,32.0,72,34,38,0.472,30.3,3.6,8.7,0.413,2.4,6.3,0.382,0.9,1.2,0.788,0.4,3.1,3.6,1.7,0.8,1.0,0.6,0.2,1.9,1.0,10.5,-0.6,0
1628382,Justin Jackson,MIL,26.0,34,12,22,0.353,17.0,2.6,6.5,0.403,1.1,3.4,0.308,0.9,1.1,0.838,0.5,1.8,2.3,1.5,0.9,0.4,0.1,0.2,0.9,1.1,7.2,-1.2,0
1629713,Justin James,SAC,24.0,36,15,21,0.417,8.6,1.4,3.1,0.468,0.4,1.1,0.368,0.6,1.0,0.583,0.3,0.6,0.8,0.6,0.4,0.2,0.1,0.3,0.6,0.7,3.9,-1.6,0
1628383,Justin Patton,HOU,24.0,13,1,12,0.077,19.0,2.2,5.4,0.414,0.7,2.6,0.265,0.2,0.3,0.75,1.1,2.7,3.8,1.1,0.3,0.9,1.1,0.3,2.6,0.7,5.4,-6.2,0
1629620,Justin Robinson,OKC,23.0,9,0,9,0.0,9.7,0.8,2.3,0.333,0.4,1.6,0.286,0.3,0.6,0.6,0.1,0.7,0.8,1.0,0.2,0.3,0.0,0.0,1.1,1.0,2.3,-5.0,0
1626159,Justise Winslow,MEM,25.0,26,13,13,0.5,19.5,2.8,8.1,0.352,0.4,2.1,0.185,0.8,1.3,0.571,0.7,3.8,4.5,1.9,1.4,0.6,0.5,0.2,1.8,1.2,6.8,-3.0,0
203994,Jusuf Nurkić,POR,26.0,37,22,15,0.595,23.8,4.6,9.0,0.514,0.3,0.8,0.4,1.9,3.1,0.619,2.3,6.6,9.0,3.4,2.0,1.0,1.1,0.8,2.8,3.2,11.5,3.4,0
1629752,Juwan Morgan,UTA,24.0,29,24,5,0.828,5.1,0.5,1.0,0.467,0.1,0.4,0.308,0.1,0.2,0.429,0.3,0.7,1.0,0.3,0.1,0.1,0.0,0.1,0.7,0.2,1.2,-3.7,0
1630231,KJ Martin,HOU,20.0,45,10,35,0.222,23.7,3.6,7.1,0.509,0.8,2.1,0.365,1.3,1.9,0.714,1.6,3.8,5.4,1.1,0.8,0.7,0.9,0.6,2.0,1.3,9.3,-6.3,0
1629644,KZ Okpala,MIA,22.0,37,22,15,0.595,12.1,1.0,2.6,0.375,0.3,1.4,0.24,0.2,0.4,0.533,0.6,1.3,1.8,0.5,0.4,0.3,0.3,0.2,1.6,0.5,2.5,-1.8,0
1630211,Karim Mane,ORL,21.0,10,2,8,0.2,8.8,0.3,1.3,0.231,0.1,0.2,0.5,0.4,0.5,0.8,0.1,1.3,1.4,0.4,0.3,0.0,0.2,0.7,1.0,0.3,1.1,-2.2,0
1626157,Karl-Anthony Towns,MIN,25.0,50,19,31,0.38,33.8,8.5,17.5,0.486,2.4,6.3,0.387,5.3,6.2,0.859,2.7,7.9,10.6,4.5,3.2,0.8,1.1,1.0,3.7,5.6,24.8,0.2,0
202695,Kawhi Leonard,LAC,30.0,52,36,16,0.692,34.1,8.9,17.5,0.512,1.9,4.9,0.398,5.0,5.7,0.885,1.1,5.4,6.5,5.2,2.0,1.6,0.4,0.5,1.6,4.5,24.8,8.6,1
1628966,Keita Bates-Diop,SAS,25.0,30,13,17,0.433,8.2,1.0,2.2,0.448,0.2,0.6,0.294,0.5,0.7,0.667,0.3,1.3,1.6,0.4,0.2,0.4,0.2,0.3,0.4,0.6,2.6,-1.2,0
1629103,Kelan Martin,IND,25.0,35,16,19,0.457,9.2,1.8,3.9,0.449,0.7,1.7,0.4,0.3,0.3,0.9,0.5,1.7,2.2,0.5,0.5,0.3,0.3,0.2,1.0,0.4,4.5,2.7,0
1629640,Keldon Johnson,SAS,21.0,69,32,37,0.464,28.5,4.9,10.2,0.479,0.9,2.6,0.331,2.1,2.8,0.74,1.3,4.6,6.0,1.8,1.1,0.6,0.3,1.0,2.1,2.1,12.8,-2.5,0
1629833,Keljin Blevins,POR,25.0,17,11,6,0.647,4.4,0.3,1.2,0.25,0.1,0.5,0.25,0.0,0.0,0.0,0.2,0.4,0.6,0.2,0.3,0.1,0.0,0.2,0.5,0.0,0.7,-2.2,0
203482,Kelly Olynyk,HOU,30.0,70,26,44,0.371,28.5,4.8,10.0,0.484,1.8,5.3,0.342,2.1,2.5,0.829,1.2,5.7,7.0,2.9,1.8,1.1,0.6,0.4,3.0,2.6,13.5,-1.4,0
1626162,Kelly Oubre Jr.,GSW,25.0,55,27,28,0.491,30.7,5.8,13.2,0.439,1.6,5.2,0.316,2.2,3.2,0.695,1.5,4.5,6.0,1.3,1.3,1.0,0.8,1.0,2.2,2.8,15.4,-3.5,0
202689,Kemba Walker,OKC,31.0,43,22,21,0.512,31.8,6.6,15.7,0.42,3.0,8.2,0.36,3.1,3.5,0.899,0.4,3.6,4.0,4.9,2.0,1.1,0.3,1.1,1.4,3.8,19.3,2.2,0
1629134,Kendrick Nunn,MIA,25.0,56,31,25,0.554,29.5,5.7,11.8,0.485,2.2,5.7,0.381,1.0,1.1,0.933,0.4,2.8,3.2,2.6,1.4,0.9,0.3,0.6,1.9,1.0,14.6,-0.1,0
1629026,Kenrich Williams,OKC,26.0,66,21,45,0.318,21.6,3.3,6.2,0.533,0.8,1.8,0.444,0.5,1.0,0.571,1.3,2.9,4.1,2.3,1.2,0.8,0.3,0.4,2.2,1.2,8.0,-2.7,0
203145,Kent Bazemore,GSW,31.0,67,35,32,0.522,19.9,2.6,5.9,0.449,1.1,2.7,0.408,0.8,1.2,0.692,0.4,3.0,3.4,1.6,1.2,1.0,0.5,0.2,2.4,1.5,7.2,2.5,0
203484,Kentavious Caldwell-Pope,LAL,28.0,67,39,28,0.582,28.4,3.3,7.6,0.431,1.8,4.4,0.41,1.4,1.7,0.866,0.4,2.3,2.7,1.9,1.0,0.9,0.4,0.3,1.7,1.5,9.7,2.1,0
201142,Kevin Durant,BKN,32.0,35,23,12,0.657,33.1,9.3,17.2,0.537,2.4,5.4,0.45,6.0,6.8,0.882,0.4,6.7,7.1,5.6,3.4,0.7,1.3,0.7,2.0,5.3,26.9,8.0,0
1628989,Kevin Huerter,ATL,22.0,69,40,29,0.58,30.8,4.6,10.6,0.432,2.0,5.6,0.363,0.7,0.9,0.781,0.6,2.8,3.3,3.5,1.1,1.2,0.3,0.4,2.4,0.8,11.9,1.0,0
1628995,Kevin Knox II,NYK,21.0,42,26,16,0.619,11.1,1.3,3.4,0.392,0.8,2.1,0.393,0.4,0.5,0.8,0.2,1.2,1.5,0.5,0.4,0.3,0.1,0.1,0.9,0.4,3.9,-0.8,0
201567,Kevin Love,CLE,32.0,25,7,18,0.28,24.9,4.1,10.1,0.409,2.3,6.2,0.365,1.7,2.0,0.824,0.7,6.8,7.4,2.5,1.5,0.6,0.1,0.5,1.0,1.4,12.2,-2.9,0
1629645,Kevin Porter Jr.,HOU,21.0,26,4,22,0.154,32.1,6.0,14.1,0.425,1.9,6.2,0.311,2.7,3.6,0.734,0.8,3.0,3.8,6.3,3.5,0.7,0.3,1.0,2.3,3.0,16.6,-8.6,0
1626172,Kevon Looney,GSW,25.0,61,34,27,0.557,19.0,1.8,3.2,0.548,0.1,0.3,0.235,0.5,0.8,0.646,1.9,3.4,5.3,2.0,0.6,0.3,0.4,0.2,2.2,0.8,4.1,2.1,0
203920,Khem Birch,TOR,28.0,67,23,44,0.343,22.8,2.8,5.7,0.497,0.2,0.8,0.25,1.4,1.9,0.705,2.6,3.2,5.8,1.3,0.7,0.7,0.7,0.4,1.7,1.5,7.2,-1.9,0
203114,Khris Middleton,MIL,29.0,68,45,23,0.662,33.4,7.5,15.8,0.476,2.2,5.4,0.414,3.1,3.5,0.898,0.8,5.2,6.0,5.4,2.6,1.1,0.1,0.8,2.4,2.7,20.4,4.3,0
1629017,Khyri Thomas,HOU,25.0,5,1,4,0.2,30.6,6.4,13.2,0.485,1.8,5.4,0.333,1.8,1.8,1.0,1.4,2.2,3.6,5.0,1.2,1.8,1.2,0.2,1.6,1.4,16.4,2.8,0
1630165,Killian Hayes,DET,19.0,26,6,20,0.231,25.8,2.7,7.7,0.353,0.8,2.8,0.278,0.5,0.7,0.824,0.2,2.4,2.7,5.3,3.2,1.0,0.4,0.5,2.2,1.2,6.8,-5.0,0
1629681,Killian Tillie,MEM,23.0,18,11,7,0.611,10.1,1.1,3.2,0.333,0.6,1.8,0.303,0.5,0.6,0.818,0.3,1.0,1.3,0.4,0.1,0.3,0.4,0.2,1.1,0.4,3.2,2.2,0
1630184,Kira Lewis Jr.,NOP,20.0,54,23,31,0.426,16.7,2.4,6.2,0.386,0.7,2.2,0.333,0.8,0.9,0.843,0.2,1.1,1.3,2.3,0.6,0.7,0.2,0.5,1.6,0.9,6.4,0.4,0
1628961,Kostas Antetokounmpo,LAL,23.0,15,6,9,0.4,3.7,0.2,0.7,0.3,0.0,0.0,0.0,0.4,0.9,0.462,0.3,1.0,1.3,0.1,0.7,0.1,0.3,0.3,0.5,0.6,0.8,1.8,0
1627739,Kris Dunn,ATL,27.0,4,1,3,0.25,11.4,0.3,3.0,0.083,0.0,0.5,0.0,0.8,1.0,0.75,0.0,1.5,1.5,0.5,0.8,0.5,0.5,0.5,2.5,1.0,1.3,-7.8,0
204001,Kristaps Porziņģis,DAL,25.0,43,26,17,0.605,30.9,7.6,15.9,0.476,2.3,6.0,0.376,2.7,3.2,0.855,1.9,7.0,8.9,1.6,1.2,0.5,1.3,0.7,2.7,3.5,20.1,0.2,0
203937,Kyle Anderson,MEM,27.0,69,36,33,0.522,27.4,4.5,9.5,0.468,1.4,3.8,0.36,2.1,2.7,0.783,0.8,5.0,5.7,3.6,1.2,1.2,0.8,0.5,1.7,1.9,12.4,0.7,0
1629657,Kyle Guy,SAC,23.0,31,11,20,0.355,7.6,0.9,2.8,0.33,0.4,1.5,0.283,0.5,0.6,0.8,0.2,1.0,1.1,1.0,0.4,0.2,0.0,0.2,0.6,0.8,2.8,-0.5,0
1628398,Kyle Kuzma,LAL,25.0,68,40,28,0.588,28.7,4.9,11.1,0.443,2.0,5.6,0.361,1.0,1.4,0.691,1.6,4.5,6.1,1.9,1.7,0.5,0.6,0.4,1.8,1.4,12.9,0.0,0
200768,Kyle Lowry,TOR,35.0,46,15,31,0.326,34.8,5.7,13.0,0.436,2.8,7.2,0.396,3.0,3.5,0.875,0.8,4.6,5.4,7.3,2.7,1.0,0.3,0.5,3.1,4.3,17.2,-0.1,0
202681,Kyrie Irving,BKN,29.0,54,36,18,0.667,34.9,10.2,20.1,0.506,2.8,7.0,0.402,3.7,4.0,0.922,1.0,3.8,4.8,6.0,2.4,1.4,0.7,1.0,2.6,3.4,26.9,4.2,1
200746,LaMarcus Aldridge,BKN,35.0,26,15,11,0.577,25.9,5.4,11.4,0.473,1.2,3.1,0.388,1.6,1.8,0.872,0.7,3.8,4.5,1.9,1.0,0.4,1.1,0.3,1.8,1.5,13.5,-1.3,0
1630163,LaMelo Ball,CHA,19.0,51,23,28,0.451,28.8,5.7,13.2,0.436,1.8,5.1,0.352,2.5,3.2,0.758,1.2,4.7,5.9,6.1,2.8,1.6,0.4,0.6,2.7,3.1,15.7,-1.6,0
1630205,Lamar Stevens,CLE,23.0,40,13,27,0.325,12.5,1.6,3.4,0.456,0.1,0.6,0.16,0.9,1.3,0.725,0.6,1.8,2.4,0.6,0.6,0.4,0.3,0.3,1.3,0.9,4.1,-2.9,0
1629013,Landry Shamet,BKN,24.0,61,39,22,0.639,23.0,3.0,7.5,0.408,2.1,5.5,0.387,1.1,1.3,0.846,0.2,1.7,1.8,1.6,0.8,0.5,0.2,0.4,1.5,1.1,9.3,0.9,0
204038,Langston Galloway,PHX,29.0,40,29,11,0.725,10.9,1.7,3.7,0.449,0.9,2.1,0.424,0.6,0.6,0.957,0.2,0.9,1.1,0.7,0.3,0.2,0.0,0.0,0.6,0.5,4.8,0.9,0
1626204,Larry Nance Jr.,CLE,28.0,35,13,22,0.371,31.2,3.7,7.8,0.471,1.2,3.3,0.36,0.9,1.4,0.612,1.5,5.2,6.7,3.1,1.6,1.7,0.5,0.3,2.1,1.7,9.3,-3.9,0
1628374,Lauri Markkanen,CHI,24.0,51,20,31,0.392,25.8,4.9,10.2,0.48,2.3,5.8,0.402,1.5,1.8,0.826,0.7,4.6,5.3,0.9,1.0,0.5,0.3,0.5,1.5,1.9,13.6,-0.9,0
2544,LeBron James,LAL,36.0,45,30,15,0.667,33.4,9.4,18.3,0.513,2.3,6.3,0.365,4.0,5.7,0.698,0.6,7.0,7.7,7.8,3.7,1.1,0.6,0.6,1.6,4.6,25.0,6.4,1
1629022,Lonnie Walker IV,SAS,22.0,60,28,32,0.467,25.4,4.3,10.2,0.42,1.7,4.7,0.355,1.0,1.2,0.814,0.2,2.4,2.6,1.7,1.1,0.5,0.3,0.5,1.7,1.0,11.2,-3.5,0
1628366,Lonzo Ball,NOP,23.0,55,23,32,0.418,31.8,5.3,12.7,0.414,3.1,8.3,0.378,0.9,1.2,0.781,0.6,4.2,4.8,5.7,2.2,1.5,0.6,0.3,1.9,1.1,14.6,0.9,0
101150,Lou Williams,ATL,34.0,66,44,22,0.667,21.6,4.0,9.8,0.41,1.0,2.6,0.399,2.3,2.6,0.867,0.3,1.8,2.1,3.4,1.6,0.7,0.1,0.6,0.9,2.1,11.3,1.2,0
1629663,Louis King,SAC,22.0,6,3,3,0.5,14.2,2.8,5.7,0.5,0.7,1.8,0.364,1.0,1.0,1.0,0.8,2.2,3.0,1.5,0.7,1.2,0.5,0.0,1.5,0.8,7.3,-0.5,0
1629652,Luguentz Dort,OKC,22.0,52,18,34,0.346,29.7,4.8,12.3,0.387,2.2,6.3,0.343,2.3,3.2,0.744,0.7,2.9,3.6,1.7,1.5,0.9,0.4,0.9,2.6,3.4,14.0,-4.8,0
1629029,Luka Dončić,DAL,22.0,66,40,26,0.606,34.3,9.8,20.5,0.479,2.9,8.3,0.35,5.2,7.1,0.73,0.8,7.2,8.0,8.6,4.3,1.0,0.5,0.8,2.3,5.5,27.7,2.5,1
1629677,Luka Samanic,SAS,21.0,33,14,19,0.424,9.3,1.4,3.2,0.448,0.4,1.3,0.279,0.5,0.9,0.552,0.5,1.6,2.1,0.5,0.6,0.2,0.2,0.2,1.3,0.7,3.7,-0.6,0
1628379,Luke Kennard,LAC,25.0,63,44,19,0.698,19.6,3.1,6.6,0.476,1.6,3.6,0.446,0.4,0.5,0.839,0.2,2.3,2.6,1.7,0.8,0.4,0.1,0.2,1.4,0.6,8.3,-0.4,0
1628436,Luke Kornet,BOS,25.0,31,13,18,0.419,11.2,1.4,3.3,0.436,0.5,1.9,0.254,0.1,0.2,0.5,0.5,1.7,2.2,0.8,0.2,0.1,1.0,0.1,0.6,0.3,3.4,1.7,0
1630201,Malachi Flynn,TOR,23.0,47,21,26,0.447,19.7,2.7,7.2,0.374,1.1,3.6,0.321,1.0,1.2,0.804,0.2,2.3,2.5,2.9,0.9,0.8,0.1,0.3,1.4,1.1,7.5,-2.1,0
1627763,Malcolm Brogdon,IND,28.0,56,27,29,0.482,34.5,7.9,17.5,0.453,2.6,6.7,0.388,2.7,3.2,0.864,1.0,4.2,5.3,5.9,2.1,0.9,0.3,1.2,2.0,2.7,21.2,-0.6,0
1627736,Malik Beasley,MIN,24.0,37,8,29,0.216,32.8,7.1,16.2,0.44,3.5,8.7,0.399,1.8,2.2,0.85,0.8,3.6,4.4,2.4,1.6,0.8,0.2,0.8,1.7,1.6,19.6,-5.3,0
1630238,Malik Fitts,LAC,23.0,3,3,0,1.0,3.6,0.3,1.0,0.333,0.3,0.7,0.5,0.0,0.0,0.0,0.0,1.0,1.0,0.0,0.0,0.0,0.0,0.3,1.0,0.0,1.0,-2.0,0
1628370,Malik Monk,CHA,23.0,42,19,23,0.452,20.9,4.1,9.5,0.434,2.0,5.0,0.401,1.4,1.7,0.819,0.3,2.1,2.4,2.1,1.3,0.5,0.1,0.5,1.1,1.4,11.7,0.8,0
1629603,Mamadi Diakite,MIL,24.0,14,7,7,0.5,10.1,1.1,2.9,0.4,0.1,0.6,0.125,0.8,1.0,0.786,0.6,1.9,2.4,0.6,0.2,0.4,0.4,0.3,1.1,0.9,3.1,0.6,0
201188,Marc Gasol,LAL,36.0,52,32,20,0.615,19.1,1.7,3.7,0.454,1.0,2.3,0.41,0.7,1.0,0.72,0.7,3.4,4.1,2.1,1.0,0.5,1.1,0.1,2.2,1.0,5.0,1.7,0
202694,Marcus Morris Sr.,LAC,31.0,57,38,19,0.667,26.3,4.8,10.2,0.473,2.5,5.2,0.473,1.3,1.6,0.82,0.6,3.5,4.1,1.0,1.0,0.6,0.3,0.2,2.1,1.4,13.4,2.3,0
203935,Marcus Smart,BOS,27.0,48,24,24,0.5,32.9,4.2,10.6,0.398,1.9,5.9,0.33,2.7,3.4,0.79,0.8,2.7,3.5,5.7,2.0,1.5,0.5,0.2,2.6,3.0,13.1,1.9,0
1628365,Markelle Fultz,ORL,23.0,8,6,2,0.75,26.9,5.1,13.0,0.394,0.5,2.0,0.25,2.1,2.4,0.895,0.6,2.5,3.1,5.4,2.3,1.0,0.3,0.9,2.3,2.9,12.9,-3.6,0
202693,Markieff Morris,LAL,31.0,61,32,29,0.525,19.7,2.5,6.2,0.405,1.1,3.4,0.311,0.6,0.8,0.72,0.8,3.6,4.4,1.2,0.9,0.4,0.3,0.1,1.7,0.8,6.7,0.3,0
1630210,Markus Howard,DEN,22.0,37,24,13,0.649,5.5,1.1,2.9,0.377,0.5,1.8,0.277,0.2,0.2,0.778,0.0,0.5,0.6,0.5,0.5,0.1,0.0,0.2,0.6,0.2,2.8,-1.9,0
1629716,Marques Bolden,CLE,23.0,6,2,4,0.333,4.8,0.2,0.5,0.333,0.0,0.0,0.0,0.8,1.3,0.625,0.5,0.5,1.0,0.0,0.3,0.3,0.3,0.0,0.0,0.5,1.2,0.8,0
1627737,Marquese Chriss,GSW,23.0,2,0,2,0.0,13.4,2.5,7.0,0.357,0.5,2.5,0.2,1.0,2.0,0.5,1.5,5.0,6.5,1.0,1.0,0.0,1.0,0.5,1.5,1.0,6.5,-12.5,0
1628963,Marvin Bagley III,SAC,22.0,43,20,23,0.465,25.9,5.7,11.4,0.504,0.9,2.5,0.343,1.8,3.1,0.575,2.5,4.9,7.4,1.0,1.4,0.5,0.5,1.0,2.3,2.7,14.1,-2.0,0
1630222,Mason Jones,PHI,22.0,32,10,22,0.313,10.5,1.6,3.8,0.423,0.8,2.1,0.364,1.3,2.0,0.625,0.2,1.5,1.7,1.3,0.9,0.2,0.0,0.2,0.8,1.2,5.3,-2.8,0
203486,Mason Plumlee,DET,31.0,56,14,42,0.25,26.8,4.2,6.8,0.614,0.0,0.1,0.0,2.0,3.0,0.669,2.6,6.7,9.3,3.6,1.9,0.8,0.9,0.6,3.3,2.7,10.4,-2.7,0
1629680,Matisse Thybulle,PHI,24.0,65,46,19,0.708,20.0,1.6,3.7,0.42,0.7,2.2,0.301,0.1,0.3,0.444,0.5,1.4,1.9,1.0,0.5,1.6,1.1,0.0,2.0,0.4,3.9,1.5,0
1629744,Matt Thomas,UTA,26.0,45,27,18,0.6,7.3,1.1,2.8,0.394,0.6,1.8,0.338,0.3,0.3,0.857,0.2,0.8,1.0,0.4,0.3,0.1,0.0,0.1,0.4,0.1,3.1,-1.5,0
203521,Matthew Dellavedova,CLE,30.0,13,4,9,0.308,17.2,1.1,4.3,0.25,0.3,1.9,0.16,0.3,0.3,1.0,0.5,1.4,1.8,4.5,0.5,0.3,0.1,0.4,1.6,0.3,2.8,-1.4,0
203090,Maurice Harkless,SAC,28.0,37,16,21,0.432,20.9,1.9,4.5,0.418,0.6,2.3,0.274,0.9,1.2,0.767,0.4,2.1,2.4,1.2,0.6,0.8,0.5,0.2,2.3,0.9,5.2,-1.2,0
1629622,Max Strus,MIA,25.0,39,14,25,0.359,13.0,2.2,4.8,0.455,1.3,3.8,0.338,0.4,0.6,0.667,0.1,0.9,1.1,0.6,0.2,0.3,0.1,0.0,1.1,0.7,6.1,-1.0,0
1628467,Maxi Kleber,DAL,29.0,50,31,19,0.62,26.8,2.3,5.5,0.422,1.7,4.2,0.41,0.7,0.7,0.919,0.9,4.3,5.2,1.4,0.6,0.5,0.7,0.1,2.1,0.9,7.1,2.7,0
203086,Meyers Leonard,MIA,29.0,3,2,1,0.667,9.8,1.0,2.3,0.429,1.0,2.3,0.429,0.3,0.7,0.5,0.0,2.3,2.3,0.7,0.7,0.0,0.0,0.0,1.7,1.0,3.3,-1.3,0
1629662,Mfiondu Kabengele,CLE,23.0,39,20,19,0.513,7.2,0.8,2.3,0.371,0.3,1.3,0.26,0.4,0.5,0.8,0.3,1.2,1.5,0.4,0.4,0.2,0.3,0.1,0.9,0.5,2.4,-2.4,0
203487,Michael Carter-Williams,ORL,29.0,31,12,19,0.387,25.8,3.4,8.7,0.389,0.5,2.0,0.246,1.6,2.6,0.613,1.3,3.2,4.5,4.2,2.2,0.8,0.5,0.7,2.6,3.7,8.8,-1.6,0
1629008,Michael Porter Jr.,DEN,23.0,61,40,21,0.656,31.3,7.3,13.4,0.542,2.8,6.3,0.445,1.7,2.2,0.791,1.5,5.8,7.3,1.1,1.3,0.7,0.9,0.4,2.1,1.6,19.0,5.9,0
1628969,Mikal Bridges,PHX,24.0,72,51,21,0.708,32.6,5.0,9.3,0.543,1.9,4.4,0.425,1.5,1.8,0.84,1.1,3.2,4.3,2.1,0.8,1.1,0.9,0.3,1.6,1.6,13.5,4.7,0
201144,Mike Conley,UTA,33.0,51,37,14,0.725,29.4,5.6,12.5,0.444,2.7,6.6,0.412,2.4,2.8,0.852,0.7,2.8,3.5,6.0,1.9,1.4,0.2,0.5,1.9,2.6,16.2,10.7,1
1628455,Mike James,BKN,30.0,13,9,4,0.692,18.2,2.6,7.1,0.37,0.8,2.4,0.355,1.6,2.1,0.778,0.2,2.2,2.5,4.2,1.5,0.5,0.1,0.4,0.8,1.6,7.7,1.5,0
203488,Mike Muscala,OKC,29.0,35,15,20,0.429,18.4,3.4,7.6,0.446,1.9,5.3,0.37,0.9,1.0,0.917,0.5,3.2,3.8,0.8,0.6,0.2,0.3,0.2,1.5,1.1,9.7,0.5,0
203118,Mike Scott,PHI,32.0,51,35,16,0.686,16.7,1.5,4.1,0.36,1.0,3.0,0.342,0.2,0.2,0.667,0.2,2.1,2.4,0.8,0.4,0.5,0.3,0.2,1.4,0.4,4.2,-0.2,0
1628970,Miles Bridges,CHA,23.0,66,31,35,0.47,29.3,4.7,9.4,0.503,1.8,4.4,0.4,1.5,1.7,0.867,1.2,4.8,6.0,2.2,1.6,0.7,0.8,0.4,2.2,1.5,12.7,-0.1,0
1629011,Mitchell Robinson,NYK,23.0,31,15,16,0.484,27.5,3.7,5.7,0.653,0.0,0.0,0.0,0.8,1.7,0.491,3.6,4.5,8.1,0.5,0.8,1.1,1.5,0.4,2.8,1.6,8.3,-0.5,0
1629671,Miye Oni,UTA,23.0,54,45,9,0.833,9.6,0.6,1.8,0.354,0.6,1.6,0.341,0.1,0.1,0.833,0.4,1.1,1.6,0.5,0.3,0.2,0.1,0.1,1.1,0.1,1.9,1.7,0
1628964,Mo Bamba,ORL,23.0,46,11,35,0.239,15.8,3.1,6.5,0.472,0.8,2.6,0.322,1.0,1.4,0.682,1.7,4.1,5.8,0.8,0.8,0.3,1.3,0.4,1.9,1.1,8.0,-4.4,0
1628420,Monte Morris,DEN,26.0,47,30,17,0.638,25.5,4.0,8.2,0.481,1.1,2.9,0.381,1.2,1.6,0.795,0.2,1.8,2.0,3.2,0.7,0.7,0.3,0.5,1.0,1.2,10.2,3.3,0
1626149,Montrezl Harrell,LAL,27.0,69,41,28,0.594,22.9,5.4,8.7,0.622,0.0,0.1,0.0,2.6,3.7,0.707,2.3,3.9,6.2,1.1,1.1,0.7,0.7,0.6,1.9,3.2,13.5,0.6,0
1629021,Moritz Wagner,ORL,24.0,45,19,26,0.422,16.0,2.3,5.1,0.454,0.7,2.0,0.341,1.6,1.9,0.816,0.6,2.6,3.2,1.1,1.0,0.6,0.4,0.4,2.4,2.2,6.9,-3.2,0
1629650,Moses Brown,BOS,21.0,43,8,35,0.186,21.4,3.4,6.2,0.545,0.0,0.0,0.0,1.8,2.9,0.619,3.6,5.3,8.9,0.2,1.0,0.7,1.1,0.7,2.2,2.3,8.6,-8.4,0
1628539,Mychal Mulder,GSW,27.0,60,33,27,0.55,12.8,2.0,4.4,0.449,1.4,3.6,0.397,0.2,0.4,0.636,0.1,0.9,1.0,0.4,0.3,0.2,0.2,0.1,0.9,0.3,5.6,1.1,0
1626167,Myles Turner,IND,25.0,47,22,25,0.468,31.0,4.4,9.2,0.477,1.5,4.4,0.335,2.4,3.0,0.782,1.3,5.2,6.5,1.0,1.4,0.9,3.4,0.4,3.5,2.4,12.6,0.5,0
1630230,Naji Marshall,NOP,23.0,32,14,18,0.438,21.9,2.6,6.5,0.392,0.9,2.6,0.349,1.7,2.3,0.707,0.5,4.2,4.6,2.8,1.2,0.8,0.3,0.4,1.8,1.5,7.7,-0.9,0
1629642,Nassir Little,POR,21.0,48,27,21,0.563,13.3,1.6,3.5,0.467,0.6,1.7,0.35,0.8,0.9,0.8,0.7,2.0,2.7,0.5,0.4,0.1,0.3,0.2,1.1,0.7,4.6,-0.8,0
1630268,Nate Darling,CHA,22.0,7,3,4,0.429,3.7,0.3,1.0,0.286,0.3,1.0,0.286,0.4,0.4,1.0,0.1,0.0,0.1,0.1,0.1,0.0,0.1,0.0,0.1,0.3,1.3,-4.3,0
1630207,Nate Hinton,DAL,22.0,21,11,10,0.524,4.4,0.7,2.0,0.357,0.2,0.9,0.211,0.3,0.5,0.7,0.0,0.4,0.4,0.4,0.2,0.3,0.1,0.1,0.4,0.3,2.0,-2.6,0
1630233,Nathan Knight,ATL,23.0,33,21,12,0.636,8.4,1.1,3.0,0.37,0.2,1.0,0.182,1.3,1.7,0.8,0.8,1.4,2.2,0.2,0.5,0.3,0.3,0.3,0.7,0.9,3.8,-0.5,0
1629675,Naz Reid,MIN,21.0,70,22,48,0.314,19.2,4.3,8.3,0.523,0.9,2.5,0.351,1.6,2.4,0.693,1.2,3.4,4.6,1.0,1.0,0.5,1.1,0.4,2.6,1.9,11.2,-4.2,0
202357,Nemanja Bjelica,MIA,33.0,37,16,21,0.432,16.1,2.4,5.3,0.454,0.7,2.3,0.318,1.0,1.4,0.725,0.8,2.6,3.4,1.9,0.9,0.4,0.1,0.3,1.8,0.9,6.5,-1.8,0
203457,Nerlens Noel,NYK,27.0,64,35,29,0.547,24.2,2.1,3.5,0.614,0.0,0.0,0.0,0.8,1.1,0.714,2.2,4.1,6.4,0.7,1.0,1.1,2.2,0.2,2.8,1.4,5.1,0.0,0
1629651,Nic Claxton,BKN,22.0,32,23,9,0.719,18.6,2.8,4.5,0.621,0.0,0.2,0.2,1.0,2.0,0.484,1.3,3.8,5.2,0.9,0.6,0.7,1.3,0.3,2.1,1.7,6.6,4.9,0
1630208,Nick Richards,CHA,23.0,18,9,9,0.5,3.5,0.2,0.5,0.444,0.0,0.1,0.0,0.4,0.6,0.636,0.2,0.4,0.6,0.1,0.2,0.0,0.0,0.1,0.4,0.4,0.8,-0.7,0
1629638,Nickeil Alexander-Walker,NOP,22.0,46,20,26,0.435,21.9,4.2,10.0,0.419,1.7,4.8,0.347,1.0,1.4,0.727,0.3,2.8,3.1,2.2,1.5,1.0,0.5,0.7,1.9,1.4,11.0,-1.1,0
1630185,Nico Mannion,GSW,20.0,30,17,13,0.567,12.1,1.3,3.8,0.342,0.7,2.0,0.367,0.8,0.9,0.821,0.2,1.3,1.5,2.3,1.0,0.5,0.0,0.2,1.0,1.0,4.1,-2.5,0
201587,Nicolas Batum,LAC,32.0,67,44,23,0.657,27.4,2.9,6.1,0.464,1.6,4.1,0.404,0.7,0.9,0.828,0.7,4.0,4.7,2.2,0.8,1.0,0.6,0.1,1.5,1.0,8.1,5.1,0
1629740,Nicolo Melli,DAL,30.0,45,26,19,0.578,12.6,1.0,3.1,0.326,0.5,1.9,0.271,0.4,0.6,0.76,0.6,2.1,2.7,1.0,0.3,0.3,0.1,0.2,1.3,0.8,3.0,0.5,0
203999,Nikola Jokić,DEN,26.0,72,47,25,0.653,34.6,10.2,18.0,0.566,1.3,3.3,0.388,4.8,5.5,0.868,2.8,8.0,10.8,8.3,3.1,1.3,0.7,0.9,2.7,5.8,26.4,5.3,1
202696,Nikola Vučević,CHI,30.0,70,26,44,0.371,33.5,9.5,19.9,0.477,2.5,6.3,0.4,1.9,2.2,0.84,2.1,9.6,11.7,3.8,1.8,0.9,0.7,0.7,2.0,2.3,23.4,-4.9,1
203943,Noah Vonleh,BKN,25.0,4,3,1,0.75,2.7,0.0,0.8,0.0,0.0,0.5,0.0,0.0,0.0,0.0,0.0,0.3,0.3,0.3,0.5,0.0,0.0,0.3,0.5,0.0,0.0,-4.0,0
1626181,Norman Powell,POR,28.0,69,32,37,0.464,32.0,6.3,13.3,0.477,2.5,6.0,0.411,3.4,3.9,0.871,0.6,2.5,3.1,1.9,1.7,1.2,0.3,1.0,2.3,3.5,18.6,1.1,0
203658,Norvel Pelle,NYK,28.0,13,8,5,0.615,6.4,0.6,1.2,0.533,0.0,0.0,0.0,0.3,0.5,0.667,0.5,1.0,1.5,0.2,0.2,0.1,0.7,0.2,1.1,0.4,1.5,1.8,0
1628384,OG Anunoby,TOR,23.0,43,18,25,0.419,33.3,5.8,12.1,0.48,2.4,6.1,0.398,1.9,2.4,0.784,1.3,4.3,5.5,2.2,1.7,1.5,0.7,0.9,2.7,1.9,15.9,2.7,0
1630167,Obi Toppin,NYK,23.0,62,36,26,0.581,11.0,1.7,3.4,0.498,0.4,1.4,0.306,0.3,0.4,0.731,0.4,1.8,2.2,0.5,0.4,0.3,0.2,0.2,0.9,0.4,4.1,0.4,0
1630168,Onyeka Okongwu,ATL,20.0,50,31,19,0.62,12.0,1.9,3.0,0.644,0.0,0.1,0.0,0.7,1.1,0.632,1.2,2.0,3.3,0.4,0.6,0.5,0.7,0.3,2.0,0.9,4.6,-1.8,0
1629052,Oshae Brissett,IND,23.0,21,10,11,0.476,24.7,3.5,7.2,0.483,1.6,3.7,0.423,2.4,3.1,0.769,1.4,4.1,5.5,0.9,0.5,0.9,1.0,0.3,1.5,2.2,10.9,2.8,0
203490,Otto Porter Jr.,ORL,28.0,28,12,16,0.429,21.7,3.5,8.1,0.432,1.4,3.7,0.375,1.3,1.5,0.857,1.0,4.4,5.4,2.0,0.9,0.6,0.1,0.2,1.5,1.6,9.7,-1.5,0
200782,P.J. Tucker,MIL,36.0,52,27,25,0.519,26.1,1.3,3.4,0.373,0.8,2.3,0.336,0.4,0.5,0.75,1.0,2.9,3.9,1.2,0.8,0.8,0.4,0.2,2.4,1.0,3.7,-3.4,0
1629023,P.J. Washington,CHA,22.0,64,31,33,0.484,30.5,4.7,10.7,0.44,1.8,4.5,0.386,1.7,2.3,0.745,1.5,5.1,6.5,2.5,2.0,1.1,1.2,0.8,2.7,2.1,12.9,0.5,0
1628408,PJ Dozier,DEN,24.0,50,36,14,0.72,21.8,3.0,7.1,0.417,0.9,3.0,0.315,0.8,1.3,0.636,0.7,2.9,3.6,1.8,0.9,0.6,0.4,0.5,1.7,1.4,7.7,3.9,0
1627783,Pascal Siakam,TOR,27.0,56,21,35,0.375,35.8,7.8,17.2,0.455,1.3,4.4,0.297,4.4,5.4,0.827,1.7,5.5,7.2,4.5,2.3,1.1,0.7,1.1,3.1,4.5,21.4,2.3,0
1626192,Pat Connaughton,MIL,28.0,69,44,25,0.638,22.8,2.4,5.6,0.434,1.5,3.9,0.371,0.4,0.6,0.775,0.9,3.9,4.8,1.2,0.5,0.7,0.3,0.2,1.4,0.7,6.8,3.2,0
201976,Patrick Beverley,LAC,32.0,37,25,12,0.676,22.5,2.5,5.9,0.423,1.5,3.8,0.397,1.0,1.2,0.8,0.8,2.4,3.2,2.1,0.9,0.8,0.8,0.3,2.9,1.4,7.5,4.0,0
1627775,Patrick McCaw,TOR,25.0,5,2,3,0.4,6.7,0.2,0.2,1.0,0.0,0.0,0.0,0.6,0.6,1.0,0.2,0.4,0.6,0.8,0.0,0.4,0.0,0.0,1.2,0.4,1.0,-3.6,0
202335,Patrick Patterson,LAC,32.0,38,26,12,0.684,15.3,1.9,4.3,0.436,1.1,2.9,0.357,0.3,0.4,0.765,0.5,1.5,2.0,0.8,0.3,0.4,0.2,0.2,1.2,0.4,5.2,0.6,0
1630172,Patrick Williams,CHI,19.0,71,30,41,0.423,27.9,3.6,7.4,0.483,0.8,1.9,0.391,1.3,1.8,0.728,0.9,3.7,4.6,1.4,1.4,0.9,0.6,0.7,1.8,1.5,9.2,-4.1,0
201988,Patty Mills,SAS,32.0,68,31,37,0.456,24.8,3.7,9.0,0.412,2.4,6.3,0.375,1.0,1.1,0.91,0.3,1.4,1.7,2.4,1.0,0.6,0.0,0.3,1.2,1.3,10.8,0.4,0
202331,Paul George,LAC,31.0,54,38,16,0.704,33.7,8.2,17.6,0.467,3.2,7.7,0.411,3.7,4.2,0.868,0.8,5.8,6.6,5.2,3.3,1.1,0.4,0.8,2.4,4.2,23.3,8.0,1
200794,Paul Millsap,DEN,36.0,56,38,18,0.679,20.8,3.4,7.2,0.476,0.9,2.6,0.343,1.3,1.8,0.724,1.4,3.3,4.7,1.8,0.9,0.9,0.6,0.5,2.0,1.7,9.0,1.8,0
1630194,Paul Reed,PHI,22.0,26,17,9,0.654,6.8,1.6,3.0,0.538,0.0,0.2,0.0,0.2,0.3,0.5,1.2,1.2,2.3,0.5,0.5,0.4,0.5,0.4,1.1,0.3,3.4,1.4,0
1628778,Paul Watson,TOR,26.0,27,13,14,0.481,11.0,1.4,3.0,0.463,1.1,2.4,0.469,0.2,0.3,0.625,0.1,1.5,1.7,0.6,0.3,0.2,0.1,0.3,1.3,0.3,4.1,-0.1,0
1630202,Payton Pritchard,BOS,23.0,66,33,33,0.5,19.2,2.8,6.3,0.44,1.5,3.8,0.411,0.6,0.7,0.889,0.5,1.9,2.4,1.8,0.8,0.6,0.1,0.3,1.6,0.6,7.7,0.6,0
1630173,Precious Achiuwa,MIA,21.0,61,31,30,0.508,12.1,2.0,3.7,0.544,0.0,0.0,0.0,0.9,1.8,0.509,1.2,2.2,3.4,0.5,0.7,0.3,0.5,0.5,1.5,1.3,5.0,-1.9,0
1626188,Quinn Cook,CLE,28.0,23,13,10,0.565,6.8,1.3,3.0,0.426,0.5,1.1,0.423,0.3,0.3,0.875,0.1,0.7,0.7,0.8,0.3,0.2,0.0,0.3,0.4,0.2,3.3,-0.4,0
1629683,Quinndary Weatherspoon,SAS,24.0,20,8,12,0.4,6.1,0.8,1.8,0.457,0.1,0.3,0.167,0.7,0.8,0.813,0.2,0.4,0.6,0.4,0.5,0.4,0.1,0.2,0.9,0.5,2.3,-3.0,0
1630181,R.J. Hampton,ORL,20.0,51,20,31,0.392,17.4,2.7,6.1,0.435,0.5,1.7,0.31,1.1,1.6,0.671,0.6,2.9,3.5,1.7,1.0,0.4,0.2,0.4,1.2,1.4,6.9,-5.6,0
1629628,RJ Barrett,NYK,21.0,72,41,31,0.569,34.9,6.5,14.7,0.441,1.7,4.3,0.401,2.9,3.8,0.746,0.9,4.8,5.8,3.0,1.9,0.7,0.3,1.2,2.6,3.1,17.6,1.9,0
200765,Rajon Rondo,LAC,35.0,45,28,17,0.622,17.1,2.1,4.8,0.442,0.8,2.0,0.404,0.4,0.4,0.941,0.4,2.0,2.4,4.4,1.8,0.8,0.1,0.4,1.2,0.7,5.4,0.5,0
203526,Raul Neto,WAS,29.0,64,30,34,0.469,21.9,3.3,7.0,0.468,1.0,2.6,0.39,1.2,1.3,0.882,0.4,2.0,2.4,2.3,0.8,1.1,0.1,0.5,1.7,1.9,8.7,-0.3,0
1629034,Ray Spalding,HOU,24.0,2,0,2,0.0,9.4,1.0,2.0,0.5,0.0,0.5,0.0,0.0,1.0,0.0,1.0,1.0,2.0,0.0,1.5,0.0,1.0,0.0,1.5,0.5,2.0,-3.5,0
1629730,Rayjon Tucker,PHI,23.0,14,8,6,0.571,4.9,0.6,1.3,0.5,0.1,0.5,0.286,1.0,1.4,0.737,0.1,0.7,0.8,0.4,0.3,0.1,0.0,0.2,0.6,1.1,2.4,-0.9,0
203493,Reggie Bullock Jr.,NYK,30.0,65,38,27,0.585,30.0,3.8,8.6,0.442,2.5,6.1,0.41,0.8,0.8,0.909,0.2,3.2,3.4,1.5,0.7,0.8,0.2,0.2,2.2,0.5,10.9,1.6,0
202704,Reggie Jackson,LAC,31.0,67,43,24,0.642,23.0,3.9,8.7,0.45,1.8,4.2,0.433,1.0,1.2,0.817,0.4,2.5,2.9,3.1,1.1,0.6,0.1,0.3,1.9,1.2,10.7,3.7,0
1629617,Reggie Perry,BKN,21.0,26,18,8,0.692,8.1,1.2,3.0,0.41,0.2,0.8,0.19,0.4,0.5,0.769,1.0,1.8,2.8,0.5,0.6,0.2,0.2,0.4,1.5,0.3,3.0,-1.4,0
1626158,Richaun Holmes,SAC,27.0,61,29,32,0.475,29.2,6.0,9.4,0.637,0.0,0.2,0.182,2.2,2.8,0.794,2.4,5.9,8.3,1.7,1.2,0.6,1.6,0.5,3.5,2.4,14.2,0.1,0
201937,Ricky Rubio,MIN,30.0,68,23,45,0.338,26.1,2.8,7.3,0.388,1.0,3.1,0.308,1.9,2.2,0.867,0.4,2.9,3.3,6.4,1.6,1.4,0.1,0.5,2.0,2.0,8.6,-2.7,0
203496,Robert Covington,POR,30.0,70,42,28,0.6,32.0,2.9,7.3,0.401,1.9,5.1,0.379,0.7,0.9,0.806,0.9,5.8,6.7,1.7,0.9,1.4,1.2,0.2,2.8,1.0,8.5,2.9,0
1629606,Robert Franks,ORL,24.0,7,0,7,0.0,14.4,1.9,4.0,0.464,0.7,2.1,0.333,1.7,1.9,0.923,0.9,1.1,2.0,0.7,0.3,0.4,0.4,0.1,1.1,1.6,6.1,-3.6,0
1629057,Robert Williams III,BOS,23.0,52,29,23,0.558,18.9,3.6,5.0,0.721,0.0,0.0,0.0,0.9,1.4,0.616,2.6,4.3,6.9,1.8,1.0,0.8,1.8,0.2,2.0,1.1,8.0,0.2,0
1630218,Robert Woodard II,SAC,21.0,13,3,10,0.231,3.5,0.6,1.5,0.4,0.1,0.5,0.167,0.2,0.6,0.375,0.3,0.9,1.2,0.2,0.1,0.0,0.2,0.0,0.3,0.4,1.5,0.8,0
201577,Robin Lopez,WAS,33.0,71,34,37,0.479,19.1,3.8,6.0,0.633,0.1,0.3,0.278,1.4,1.9,0.723,2.0,1.8,3.8,0.8,1.1,0.2,0.6,0.4,1.5,2.0,9.0,-0.2,0
1629066,Rodions Kurucs,MIL,23.0,21,10,11,0.476,5.9,0.5,1.5,0.344,0.3,1.0,0.286,0.1,0.2,0.75,0.2,0.9,1.1,0.5,0.6,0.4,0.2,0.1,0.8,0.1,1.5,-0.1,0
203918,Rodney Hood,TOR,28.0,55,29,26,0.527,17.1,1.7,4.7,0.362,0.6,2.1,0.301,0.4,0.5,0.857,0.4,1.5,1.9,1.0,0.7,0.4,0.1,0.1,1.3,0.7,4.5,-2.4,0
203585,Rodney McGruder,DET,29.0,16,3,13,0.188,12.1,2.3,4.4,0.529,0.7,1.5,0.458,0.4,0.5,0.75,0.5,0.9,1.4,1.0,0.4,0.5,0.1,0.1,0.8,0.6,5.7,-1.1,0
1629641,Romeo Langford,BOS,21.0,18,9,9,0.5,15.7,1.2,3.3,0.356,0.3,1.0,0.278,0.5,0.7,0.75,0.7,1.3,1.9,0.7,0.6,0.3,0.3,0.3,1.3,1.0,3.1,-3.7,0
1626178,Rondae Hollis-Jefferson,POR,26.0,11,6,5,0.545,9.8,0.8,1.6,0.5,0.0,0.1,0.0,0.8,1.5,0.563,1.0,1.4,2.4,1.2,0.2,0.2,0.4,0.2,1.4,1.0,2.5,-0.6,0
1626220,Royce O'Neale,UTA,28.0,71,51,20,0.718,31.6,2.5,5.5,0.444,1.5,3.9,0.385,0.5,0.6,0.848,1.2,5.6,6.8,2.5,1.2,0.8,0.5,0.1,2.6,1.0,7.0,6.6,0
200752,Rudy Gay,SAS,34.0,63,29,34,0.46,21.6,4.2,10.0,0.42,1.7,4.4,0.381,1.3,1.6,0.804,0.7,4.1,4.8,1.4,1.0,0.7,0.6,0.3,1.8,1.3,11.4,2.1,0
203497,Rudy Gobert,UTA,29.0,71,52,19,0.732,30.8,5.5,8.2,0.675,0.0,0.1,0.0,3.3,5.3,0.623,3.4,10.1,13.5,1.3,1.7,0.6,2.7,0.6,2.3,4.9,14.3,10.3,1
1629060,Rui Hachimura,WAS,23.0,57,29,28,0.509,31.5,5.4,11.4,0.478,0.8,2.4,0.328,2.2,2.8,0.77,0.9,4.6,5.5,1.4,1.2,0.8,0.1,0.9,2.1,2.1,13.8,-1.9,0
201566,Russell Westbrook,WAS,32.0,65,30,35,0.462,36.4,8.4,19.0,0.439,1.3,4.2,0.315,4.2,6.4,0.656,1.7,9.9,11.5,11.7,4.8,1.4,0.4,1.1,2.9,4.8,22.2,-1.4,0
1627853,Ryan Arcidiacono,CHI,27.0,44,20,24,0.455,10.2,1.1,2.7,0.419,0.6,1.5,0.373,0.3,0.5,0.65,0.1,1.4,1.5,1.3,0.2,0.2,0.0,0.1,1.1,0.9,3.1,0.2,0
1630240,Saben Lee,DET,22.0,48,14,34,0.292,16.3,2.1,4.4,0.471,0.2,0.5,0.348,1.3,1.9,0.685,0.4,1.6,2.0,3.6,1.1,0.7,0.3,0.5,1.6,1.7,5.6,-1.9,0
1630180,Saddiq Bey,DET,22.0,70,19,51,0.271,27.3,4.0,9.9,0.404,2.5,6.6,0.38,1.8,2.1,0.844,0.6,3.9,4.5,1.4,0.9,0.7,0.2,0.5,1.6,1.4,12.2,-3.0,0
1630241,Sam Merrill,MIL,25.0,30,18,12,0.6,7.8,1.1,2.4,0.444,0.7,1.6,0.447,0.1,0.1,1.0,0.2,0.8,1.0,0.7,0.3,0.3,0.0,0.2,0.6,0.2,3.0,-1.3,0
1630253,Sean McDermott,MEM,24.0,18,10,8,0.556,8.8,0.7,1.8,0.394,0.3,1.2,0.227,0.4,0.4,1.0,0.3,0.7,1.1,0.2,0.2,0.1,0.2,0.1,0.4,0.2,2.2,-3.2,0
1629635,Sekou Doumbouya,DET,20.0,56,15,41,0.268,15.5,1.9,5.0,0.379,0.5,2.1,0.226,0.8,1.1,0.703,0.7,1.9,2.6,0.8,0.8,0.4,0.2,0.5,1.7,0.9,5.1,-2.4,0
1628400,Semi Ojeleye,BOS,26.0,56,28,28,0.5,17.0,1.6,3.9,0.403,1.0,2.8,0.367,0.4,0.6,0.75,0.6,2.1,2.6,0.7,0.4,0.3,0.0,0.2,1.0,0.6,4.6,0.1,0
201586,Serge Ibaka,LAC,31.0,41,24,17,0.585,23.3,4.5,8.9,0.51,1.0,2.8,0.339,1.0,1.3,0.811,1.8,4.9,6.7,1.8,1.1,0.2,1.1,0.3,1.9,1.6,11.1,3.8,0
203552,Seth Curry,PHI,30.0,57,39,18,0.684,28.7,4.5,9.7,0.467,2.2,4.9,0.45,1.2,1.4,0.896,0.2,2.2,2.4,2.7,1.1,0.8,0.1,0.3,1.7,1.1,12.5,5.6,0
1628983,Shai Gilgeous-Alexander,OKC,22.0,35,16,19,0.457,33.7,8.2,16.1,0.508,2.0,4.9,0.418,5.3,6.5,0.808,0.5,4.2,4.7,5.9,3.0,0.8,0.7,1.1,2.0,5.3,23.7,-5.3,0
1629003,Shake Milton,PHI,24.0,63,46,17,0.73,23.2,4.8,10.6,0.45,1.1,3.2,0.35,2.3,2.8,0.83,0.5,1.8,2.3,3.1,1.6,0.6,0.3,0.8,2.1,2.4,13.0,2.1,0
1627885,Shaquille Harrison,DEN,27.0,34,27,7,0.794,9.8,0.8,2.3,0.333,0.1,0.5,0.188,0.5,0.6,0.818,0.2,1.2,1.4,0.7,0.3,0.5,0.1,0.3,1.0,0.5,2.1,-2.2,0
1628414,Sindarius Thornwell,ORL,26.0,21,7,14,0.333,10.3,0.7,2.2,0.326,0.3,1.1,0.304,0.2,0.4,0.5,0.1,0.7,0.9,1.0,0.3,0.6,0.1,0.1,0.7,0.3,2.0,-0.4,0
1630219,Skylar Mays,ATL,23.0,33,19,14,0.576,8.2,1.3,3.0,0.449,0.4,1.2,0.35,0.7,0.8,0.88,0.3,0.8,1.1,0.9,0.3,0.4,0.1,0.2,0.5,0.6,3.8,0.4,0
203524,Solomon Hill,ATL,30.0,71,41,30,0.577,21.3,1.5,4.2,0.359,1.0,3.0,0.321,0.5,0.6,0.761,0.6,2.4,3.0,1.1,0.6,0.7,0.2,0.1,1.6,0.5,4.5,0.4,0
203915,Spencer Dinwiddie,BKN,28.0,3,2,1,0.667,21.4,2.0,5.3,0.375,0.7,2.3,0.286,2.0,2.0,1.0,0.0,4.3,4.3,3.0,1.7,0.7,0.3,0.0,1.3,1.3,6.7,14.0,0
1626169,Stanley Johnson,TOR,25.0,61,25,36,0.41,16.5,1.5,3.8,0.382,0.7,2.2,0.328,0.7,0.9,0.8,0.5,2.0,2.5,1.5,0.9,0.9,0.3,0.2,1.9,0.9,4.4,-2.6,0
201939,Stephen Curry,GSW,33.0,63,37,26,0.587,34.2,10.4,21.7,0.482,5.3,12.7,0.421,5.7,6.3,0.916,0.5,5.0,5.5,5.8,3.4,1.2,0.1,0.9,1.9,4.6,32.0,3.9,1
1628425,Sterling Brown,HOU,26.0,51,14,37,0.275,24.1,2.9,6.6,0.448,1.8,4.2,0.423,0.5,0.6,0.806,0.7,3.6,4.4,1.4,0.8,0.7,0.2,0.3,1.9,0.6,8.2,-3.0,0
203500,Steven Adams,NOP,27.0,58,26,32,0.448,27.7,3.3,5.3,0.614,0.0,0.1,0.0,1.0,2.3,0.444,3.7,5.2,8.9,1.9,1.3,0.9,0.7,0.3,1.9,2.2,7.6,0.3,0
1629004,Svi Mykhailiuk,OKC,24.0,66,13,53,0.197,20.1,3.2,7.7,0.411,1.6,4.8,0.334,0.6,0.8,0.76,0.4,2.1,2.5,1.7,1.3,0.8,0.2,0.4,1.0,0.8,8.5,-3.5,0
1628388,T.J. Leaf,POR,24.0,7,6,1,0.857,5.1,0.7,1.4,0.5,0.0,0.0,0.0,0.3,0.3,1.0,0.0,0.7,0.7,0.1,0.3,0.3,0.1,0.3,0.1,0.1,1.7,-2.9,0
204456,T.J. McConnell,IND,29.0,69,33,36,0.478,26.0,4.0,7.1,0.559,0.2,0.7,0.313,0.5,0.7,0.688,0.8,2.9,3.7,6.6,2.0,1.9,0.3,0.4,1.6,1.0,8.6,1.0,0
203933,T.J. Warren,IND,27.0,4,3,1,0.75,29.3,6.8,12.8,0.529,0.0,1.8,0.0,2.0,2.5,0.8,0.5,3.0,3.5,1.3,1.0,0.5,0.0,0.5,4.0,3.0,15.5,0.3,0
1629605,Tacko Fall,BOS,25.0,19,13,6,0.684,7.1,1.1,1.5,0.724,0.0,0.0,0.0,0.3,0.8,0.333,0.8,1.9,2.7,0.2,0.3,0.1,1.1,0.2,1.2,0.6,2.5,1.4,0
201959,Taj Gibson,NYK,36.0,45,29,16,0.644,20.8,2.2,3.5,0.627,0.1,0.3,0.2,0.9,1.2,0.727,2.2,3.4,5.6,0.8,0.5,0.7,1.1,0.3,2.2,1.2,5.4,2.9,0
1629659,Talen Horton-Tucker,LAL,20.0,65,39,26,0.6,20.1,3.4,7.5,0.458,0.6,2.0,0.282,1.5,2.0,0.775,0.4,2.2,2.6,2.8,1.6,1.0,0.3,0.5,2.0,1.7,9.0,0.2,0
1627752,Taurean Prince,CLE,27.0,41,15,26,0.366,22.1,3.2,8.0,0.401,1.5,3.8,0.4,1.6,1.9,0.855,0.5,3.0,3.5,1.9,1.1,0.7,0.6,0.4,1.8,1.6,9.5,-3.1,0
1629611,Terance Mann,LAC,24.0,67,45,22,0.672,18.9,2.7,5.2,0.509,0.6,1.4,0.418,1.2,1.4,0.83,0.8,2.8,3.6,1.6,0.6,0.4,0.2,0.5,1.9,1.1,7.0,0.5,0
1629056,Terence Davis,SAC,24.0,61,26,35,0.426,17.6,3.2,7.5,0.428,1.6,4.4,0.367,0.7,0.9,0.818,0.3,2.2,2.5,1.4,1.0,0.7,0.2,0.5,1.6,0.9,8.7,-1.1,0
1628390,Terrance Ferguson,PHI,23.0,13,10,3,0.769,3.8,0.1,0.5,0.143,0.0,0.4,0.0,0.0,0.0,0.0,0.0,0.1,0.1,0.2,0.3,0.1,0.0,0.0,0.5,0.0,0.2,-1.5,0
203082,Terrence Ross,ORL,30.0,46,16,30,0.348,29.3,5.5,13.4,0.412,1.9,5.7,0.337,2.6,3.0,0.87,0.3,3.1,3.4,2.3,1.6,1.0,0.5,0.6,1.9,2.2,15.6,-5.1,0
1626179,Terry Rozier,CHA,27.0,69,32,37,0.464,34.5,7.4,16.4,0.45,3.2,8.3,0.389,2.4,2.9,0.817,0.7,3.7,4.4,4.2,1.9,1.3,0.4,0.5,1.7,2.5,20.4,-1.3,0
201152,Thaddeus Young,CHI,33.0,68,30,38,0.441,24.3,5.4,9.7,0.559,0.2,0.7,0.267,1.0,1.7,0.628,2.5,3.8,6.2,4.3,2.0,1.1,0.6,0.6,2.2,2.1,12.1,2.1,0
203648,Thanasis Antetokounmpo,MIL,28.0,57,37,20,0.649,9.7,1.2,2.4,0.489,0.1,0.5,0.241,0.4,0.9,0.51,0.9,1.2,2.2,0.8,0.8,0.4,0.2,0.2,1.3,0.8,2.9,-0.2,0
1630177,Theo Maledon,OKC,20.0,65,20,45,0.308,27.3,3.5,9.4,0.368,1.6,4.8,0.335,1.6,2.1,0.748,0.4,2.9,3.2,3.5,2.2,0.9,0.2,0.3,1.9,1.8,10.1,-9.6,0
1629033,Theo Pinson,NYK,25.0,17,9,8,0.529,2.0,0.1,0.5,0.111,0.0,0.5,0.0,0.0,0.0,0.0,0.0,0.3,0.3,0.1,0.1,0.0,0.0,0.0,0.2,0.0,0.1,-0.9,0
1628418,Thomas Bryant,WAS,23.0,10,2,8,0.2,27.1,5.9,9.1,0.648,0.9,2.1,0.429,1.6,2.4,0.667,1.8,4.3,6.1,1.5,1.1,0.4,0.8,0.2,3.1,2.2,14.3,-1.4,0
1627748,Thon Maker,CLE,24.0,8,3,5,0.375,9.6,1.3,2.3,0.556,0.0,0.3,0.0,1.3,1.4,0.909,1.0,1.3,2.3,0.5,0.4,0.3,0.5,0.1,0.9,1.3,3.8,-2.3,0
204025,Tim Frazier,MEM,30.0,5,5,0,1.0,12.4,0.6,4.0,0.15,0.0,1.6,0.0,0.4,1.2,0.333,0.0,1.6,1.6,3.2,0.8,0.4,0.2,0.4,1.4,0.8,1.6,1.0,0
203501,Tim Hardaway Jr.,DAL,29.0,70,42,28,0.6,28.4,5.8,13.0,0.447,3.0,7.6,0.391,2.0,2.5,0.816,0.3,3.0,3.3,1.8,0.9,0.4,0.2,0.4,1.6,2.2,16.6,1.0,0
1627789,Timothe Luwawu-Cabarrot,BKN,26.0,58,38,20,0.655,18.1,2.2,6.1,0.365,1.3,4.1,0.314,0.6,0.7,0.814,0.5,1.7,2.2,1.2,0.7,0.6,0.1,0.3,1.7,0.7,6.4,-0.4,0
202699,Tobias Harris,PHI,28.0,62,44,18,0.71,32.5,7.6,14.9,0.512,1.3,3.4,0.394,2.9,3.3,0.892,1.0,5.8,6.8,3.5,1.7,0.9,0.8,1.0,1.9,2.1,19.5,5.2,0
203107,Tomas Satoransky,CHI,29.0,58,25,33,0.431,22.5,2.9,5.7,0.514,0.7,2.0,0.356,1.2,1.4,0.848,0.5,1.9,2.4,4.7,1.7,0.7,0.2,0.3,1.5,1.6,7.7,0.0,0
1628396,Tony Bradley,OKC,23.0,42,15,27,0.357,16.3,3.1,4.7,0.665,0.0,0.1,0.0,0.9,1.3,0.691,2.0,3.7,5.7,0.9,0.8,0.4,0.7,0.4,1.5,1.1,7.1,-0.4,0
203503,Tony Snell,ATL,29.0,47,29,18,0.617,21.1,1.9,3.6,0.515,1.3,2.3,0.569,0.2,0.2,1.0,0.4,2.0,2.4,1.3,0.4,0.3,0.2,0.2,1.6,0.3,5.3,1.4,0
1628470,Torrey Craig,PHX,30.0,50,33,17,0.66,16.1,2.2,4.5,0.48,0.8,2.1,0.368,0.3,0.4,0.773,1.1,2.8,3.9,1.0,0.5,0.6,0.5,0.2,1.7,0.6,5.5,-1.9,0
1629027,Trae Young,ATL,22.0,63,36,27,0.571,33.7,7.7,17.7,0.438,2.2,6.3,0.343,7.7,8.7,0.886,0.6,3.3,3.9,9.4,4.1,0.8,0.2,1.0,1.8,6.8,25.3,4.2,0
1630200,Tre Jones,SAS,21.0,37,15,22,0.405,7.3,1.0,2.1,0.474,0.1,0.1,0.6,0.5,0.5,0.895,0.2,0.4,0.6,1.1,0.4,0.2,0.0,0.2,0.4,0.6,2.5,-2.2,0
1629682,Tremont Waters,BOS,23.0,26,13,13,0.5,9.1,1.3,3.2,0.405,0.6,1.5,0.395,0.6,0.7,0.941,0.2,0.6,0.8,2.4,1.0,0.6,0.0,0.2,0.7,0.6,3.8,-0.4,0
1630235,Trent Forrest,UTA,23.0,30,22,8,0.733,10.1,1.1,2.4,0.451,0.2,0.9,0.192,0.6,0.6,1.0,0.4,1.1,1.5,1.5,0.7,0.3,0.1,0.1,0.7,0.6,2.9,-1.6,0
2772,Trevor Ariza,MIA,36.0,30,17,13,0.567,28.0,3.3,8.0,0.411,1.7,4.8,0.35,1.1,1.5,0.773,0.9,3.9,4.8,1.8,0.7,1.0,0.6,0.3,1.8,1.5,9.4,1.3,0
203504,Trey Burke,DAL,28.0,62,35,27,0.565,14.7,2.4,5.7,0.428,0.9,2.6,0.354,0.8,0.9,0.895,0.2,0.7,0.9,1.3,0.5,0.6,0.1,0.3,1.0,1.0,6.6,0.2,0
1626168,Trey Lyles,SAS,25.0,23,10,13,0.435,15.6,1.9,3.9,0.478,0.6,1.7,0.35,0.7,1.0,0.652,0.4,3.3,3.7,0.6,0.3,0.3,0.0,0.0,0.6,0.7,5.0,-4.7,0
202684,Tristan Thompson,BOS,30.0,54,27,27,0.5,23.8,3.1,6.0,0.518,0.0,0.1,0.0,1.3,2.2,0.592,3.1,5.0,8.1,1.2,1.1,0.4,0.6,0.6,2.2,2.2,7.6,0.4,0
1628972,Troy Brown Jr.,CHI,21.0,34,10,24,0.294,15.4,1.8,4.2,0.431,0.6,2.1,0.314,0.4,0.6,0.714,0.6,2.5,3.1,0.9,0.6,0.3,0.2,0.2,1.4,0.6,4.7,0.8,0
1629660,Ty Jerome,OKC,23.0,33,7,26,0.212,23.9,3.9,8.7,0.446,2.2,5.1,0.423,0.8,1.0,0.765,0.3,2.5,2.8,3.6,1.4,0.6,0.2,0.3,1.8,1.0,10.7,-4.1,0
1630234,Ty-Shon Alexander,PHX,22.0,15,11,4,0.733,3.2,0.2,0.8,0.25,0.1,0.6,0.222,0.1,0.1,0.5,0.1,0.5,0.7,0.4,0.2,0.0,0.1,0.0,0.1,0.1,0.6,-0.5,0
1630189,Tyler Bey,DAL,23.0,18,11,7,0.611,3.9,0.4,1.2,0.318,0.1,0.2,0.25,0.2,0.3,0.6,0.4,0.6,1.1,0.2,0.2,0.0,0.1,0.1,0.3,0.3,1.0,-2.1,0
1629076,Tyler Cook,DET,23.0,32,11,21,0.344,13.7,2.2,3.2,0.67,0.0,0.1,0.5,0.5,1.1,0.486,0.9,2.1,3.0,0.5,0.7,0.3,0.1,0.3,1.1,0.9,4.9,-1.1,0
1629639,Tyler Herro,MIA,21.0,54,29,25,0.537,30.3,5.7,12.9,0.439,2.0,5.5,0.36,1.7,2.2,0.803,0.5,4.5,5.0,3.4,1.9,0.6,0.3,0.7,1.3,1.7,15.1,-1.6,0
204020,Tyler Johnson,BKN,29.0,39,29,10,0.744,17.5,1.8,4.7,0.393,1.2,3.4,0.364,0.5,0.5,0.857,0.2,1.8,2.0,1.2,0.4,0.4,0.0,0.2,1.1,0.7,5.4,1.2,0
1630179,Tyrell Terry,DAL,20.0,11,2,9,0.182,5.1,0.5,1.5,0.313,0.0,0.6,0.0,0.1,0.3,0.333,0.0,0.5,0.5,0.5,0.2,0.5,0.0,0.0,0.2,0.3,1.0,0.0,0
1630169,Tyrese Haliburton,SAC,21.0,58,25,33,0.431,30.1,5.0,10.7,0.472,2.1,5.1,0.409,0.8,1.0,0.857,0.7,2.3,3.0,5.3,1.6,1.3,0.5,0.3,1.4,0.9,13.0,-3.1,0
1630178,Tyrese Maxey,PHI,20.0,61,41,20,0.672,15.3,3.2,7.0,0.462,0.5,1.7,0.301,1.0,1.1,0.871,0.2,1.5,1.7,2.0,0.7,0.4,0.2,0.4,1.3,1.0,8.0,-0.9,0
1626145,Tyus Jones,MEM,25.0,70,36,34,0.514,17.5,2.5,5.9,0.431,0.6,2.0,0.321,0.6,0.6,0.911,0.3,1.7,2.0,3.7,0.7,0.9,0.1,0.2,0.4,0.7,6.3,-1.2,0
1628962,Udoka Azubuike,UTA,21.0,15,13,2,0.867,3.8,0.3,0.6,0.444,0.0,0.0,0.0,0.5,0.7,0.8,0.3,0.6,0.9,0.0,0.2,0.1,0.3,0.1,0.6,0.4,1.1,-4.3,0
2617,Udonis Haslem,MIA,41.0,1,1,0,1.0,2.7,2.0,2.0,1.0,0.0,0.0,0.0,0.0,0.0,0.0,0.0,1.0,1.0,0.0,0.0,0.0,0.0,0.0,0.0,1.0,4.0,3.0,0
1630176,Vernon Carey Jr.,CHA,20.0,19,9,10,0.474,6.0,0.9,1.9,0.5,0.1,0.4,0.143,0.5,0.6,0.818,0.3,1.1,1.4,0.1,0.3,0.1,0.3,0.2,0.7,0.5,2.4,-0.6,0
203506,Victor Oladipo,MIA,29.0,33,13,20,0.394,32.7,7.1,17.5,0.408,2.4,7.2,0.326,3.2,4.2,0.754,0.4,4.5,4.8,4.6,2.5,1.4,0.4,1.2,2.5,3.6,19.8,-2.2,0
1629738,Vincent Poirier,PHI,27.0,10,8,2,0.8,3.9,0.3,1.2,0.25,0.0,0.1,0.0,0.2,0.6,0.333,0.6,0.8,1.4,0.2,0.4,0.0,0.3,0.2,0.8,0.3,0.8,-1.6,0
1628427,Vlatko Čančar,DEN,24.0,41,28,13,0.683,6.9,0.8,1.8,0.458,0.2,0.8,0.273,0.2,0.3,0.769,0.3,1.0,1.2,0.3,0.3,0.3,0.0,0.1,0.4,0.3,2.1,-2.5,0
201961,Wayne Ellington,DET,33.0,46,13,33,0.283,22.0,3.2,7.3,0.441,2.5,6.0,0.422,0.6,0.8,0.8,0.3,1.6,1.8,1.5,0.7,0.4,0.2,0.2,1.3,0.6,9.6,-1.5,0
1628976,Wendell Carter Jr.,ORL,22.0,54,21,33,0.389,25.5,4.3,8.5,0.503,0.3,0.9,0.294,2.4,3.3,0.732,2.4,5.8,8.2,1.9,1.4,0.6,0.8,0.6,2.7,3.1,11.2,-4.5,0
1629117,Wenyen Gabriel,NOP,24.0,21,9,12,0.429,11.5,1.1,2.9,0.4,0.6,1.5,0.406,0.5,0.8,0.647,1.0,1.6,2.6,0.5,0.7,0.4,0.4,0.1,1.5,0.6,3.4,0.1,0
1628411,Wes Iwundu,NOP,26.0,41,17,24,0.415,13.1,0.8,2.5,0.333,0.1,1.0,0.122,0.6,0.8,0.839,0.4,1.8,2.2,0.4,0.5,0.4,0.1,0.3,1.2,0.7,2.4,-2.3,0
202083,Wesley Matthews,LAL,34.0,58,33,25,0.569,19.5,1.5,4.3,0.353,1.1,3.4,0.335,0.6,0.7,0.854,0.3,1.3,1.6,0.9,0.4,0.7,0.3,0.1,1.4,1.0,4.8,0.7,0
203115,Will Barton,DEN,30.0,56,37,19,0.661,31.0,4.6,10.9,0.426,1.8,4.6,0.381,1.7,2.2,0.785,0.7,3.3,4.0,3.2,1.7,0.9,0.4,0.6,1.7,1.7,12.7,4.1,0
1630266,Will Magnay,NOP,23.0,1,1,0,1.0,3.3,0.0,1.0,0.0,0.0,1.0,0.0,0.0,0.0,0.0,0.0,0.0,0.0,0.0,1.0,0.0,0.0,0.0,1.0,0.0,0.0,-10.0,0
1626161,Willie Cauley-Stein,DAL,27.0,53,29,24,0.547,17.1,2.2,3.4,0.632,0.0,0.2,0.091,0.9,1.5,0.628,1.2,3.2,4.5,0.7,0.5,0.4,0.8,0.2,2.4,1.2,5.3,2.6,0
1626195,Willy Hernangomez,NOP,27.0,47,20,27,0.426,18.0,3.2,5.7,0.563,0.0,0.2,0.1,1.3,2.0,0.667,2.5,4.6,7.1,1.1,0.7,0.5,0.5,0.6,1.4,1.6,7.8,-0.3,0
1630214,Xavier Tillman,MEM,22.0,59,31,28,0.525,18.4,2.8,5.1,0.559,0.4,1.1,0.338,0.6,0.9,0.642,1.3,3.1,4.3,1.3,0.8,0.7,0.6,0.4,2.0,0.8,6.6,0.6,0
1627812,Yogi Ferrell,LAC,28.0,10,4,6,0.4,13.7,2.0,5.7,0.351,0.9,2.8,0.321,0.7,0.9,0.778,0.5,1.4,1.9,2.2,0.3,0.7,0.3,0.6,1.1,1.4,5.6,-0.1,0
1629139,Yuta Watanabe,TOR,26.0,50,24,26,0.48,14.5,1.6,3.6,0.439,0.7,1.8,0.4,0.5,0.6,0.828,0.7,2.5,3.2,0.8,0.4,0.5,0.4,0.2,1.1,0.7,4.4,-0.8,0
203897,Zach LaVine,CHI,26.0,58,26,32,0.448,35.1,9.8,19.4,0.507,3.4,8.2,0.419,4.4,5.1,0.849,0.6,4.4,5.0,4.9,3.5,0.8,0.5,1.2,2.4,4.0,27.4,-0.2,1
1630192,Zeke Nnaji,DEN,20.0,42,30,12,0.714,9.5,1.2,2.5,0.481,0.6,1.4,0.407,0.3,0.4,0.8,0.3,1.2,1.5,0.2,0.2,0.2,0.1,0.2,0.7,0.4,3.2,-2.0,0
1629627,Zion Williamson,NOP,20.0,61,29,32,0.475,33.2,10.4,17.0,0.611,0.2,0.6,0.294,6.0,8.7,0.698,2.7,4.5,7.2,3.7,2.7,0.9,0.6,2.1,2.2,6.0,27.0,1.5,1
